[{"model": "admin.logentry", "pk": 1, "fields": {"action_time": "2021-06-04T16:46:47.936", "user": 2, "content_type": 8, "object_id": "21", "object_repr": "Hola", "action_flag": 3, "change_message": ""}}, {"model": "admin.logentry", "pk": 2, "fields": {"action_time": "2021-06-04T16:47:04.920", "user": 2, "content_type": 8, "object_id": "3", "object_repr": "hello", "action_flag": 3, "change_message": ""}}, {"model": "admin.logentry", "pk": 3, "fields": {"action_time": "2021-06-04T16:47:04.922", "user": 2, "content_type": 8, "object_id": "2", "object_repr": "hello", "action_flag": 3, "change_message": ""}}, {"model": "admin.logentry", "pk": 4, "fields": {"action_time": "2021-06-04T16:47:04.923", "user": 2, "content_type": 8, "object_id": "1", "object_repr": "hello", "action_flag": 3, "change_message": ""}}, {"model": "admin.logentry", "pk": 5, "fields": {"action_time": "2021-06-04T16:47:21.357", "user": 2, "content_type": 8, "object_id": "7", "object_repr": "Hello world", "action_flag": 3, "change_message": ""}}, {"model": "admin.logentry", "pk": 6, "fields": {"action_time": "2021-06-04T16:47:21.359", "user": 2, "content_type": 8, "object_id": "6", "object_repr": "Hello world", "action_flag": 3, "change_message": ""}}, {"model": "admin.logentry", "pk": 7, "fields": {"action_time": "2021-06-04T16:47:21.361", "user": 2, "content_type": 8, "object_id": "5", "object_repr": "Hello world", "action_flag": 3, "change_message": ""}}, {"model": "admin.logentry", "pk": 8, "fields": {"action_time": "2021-06-04T16:47:21.362", "user": 2, "content_type": 8, "object_id": "4", "object_repr": "Hello world", "action_flag": 3, "change_message": ""}}, {"model": "admin.logentry", "pk": 9, "fields": {"action_time": "2021-06-04T16:47:43.953", "user": 2, "content_type": 8, "object_id": "12", "object_repr": "Hello world", "action_flag": 3, "change_message": ""}}, {"model": "admin.logentry", "pk": 10, "fields": {"action_time": "2021-06-04T16:47:43.955", "user": 2, "content_type": 8, "object_id": "11", "object_repr": "Hello world", "action_flag": 3, "change_message": ""}}, {"model": "admin.logentry", "pk": 11, "fields": {"action_time": "2021-06-04T16:47:43.956", "user": 2, "content_type": 8, "object_id": "10", "object_repr": "Hello", "action_flag": 3, "change_message": ""}}, {"model": "admin.logentry", "pk": 12, "fields": {"action_time": "2021-06-04T16:47:43.958", "user": 2, "content_type": 8, "object_id": "9", "object_repr": "Hello", "action_flag": 3, "change_message": ""}}, {"model": "admin.logentry", "pk": 13, "fields": {"action_time": "2021-06-04T16:47:43.959", "user": 2, "content_type": 8, "object_id": "8", "object_repr": "Goodbye", "action_flag": 3, "change_message": ""}}, {"model": "admin.logentry", "pk": 14, "fields": {"action_time": "2021-06-04T18:32:25.986", "user": 2, "content_type": 8, "object_id": "27", "object_repr": "Hola", "action_flag": 3, "change_message": ""}}, {"model": "admin.logentry", "pk": 15, "fields": {"action_time": "2021-06-04T18:32:25.989", "user": 2, "content_type": 8, "object_id": "26", "object_repr": "Hola", "action_flag": 3, "change_message": ""}}, {"model": "admin.logentry", "pk": 16, "fields": {"action_time": "2021-06-04T18:32:25.991", "user": 2, "content_type": 8, "object_id": "24", "object_repr": "Goodbye", "action_flag": 3, "change_message": ""}}, {"model": "admin.logentry", "pk": 17, "fields": {"action_time": "2021-06-04T18:32:25.992", "user": 2, "content_type": 8, "object_id": "23", "object_repr": "Goodbye", "action_flag": 3, "change_message": ""}}, {"model": "admin.logentry", "pk": 18, "fields": {"action_time": "2021-06-04T18:32:25.996", "user": 2, "content_type": 8, "object_id": "22", "object_repr": "Hello", "action_flag": 3, "change_message": ""}}, {"model": "admin.logentry", "pk": 19, "fields": {"action_time": "2021-06-04T18:32:26.000", "user": 2, "content_type": 8, "object_id": "20", "object_repr": "Hello world", "action_flag": 3, "change_message": ""}}, {"model": "admin.logentry", "pk": 20, "fields": {"action_time": "2021-06-04T18:32:26.002", "user": 2, "content_type": 8, "object_id": "19", "object_repr": "Hello", "action_flag": 3, "change_message": ""}}, {"model": "admin.logentry", "pk": 21, "fields": {"action_time": "2021-06-04T18:32:26.004", "user": 2, "content_type": 8, "object_id": "18", "object_repr": "Goodbye", "action_flag": 3, "change_message": ""}}, {"model": "admin.logentry", "pk": 22, "fields": {"action_time": "2021-06-04T18:32:26.005", "user": 2, "content_type": 8, "object_id": "16", "object_repr": "Hello", "action_flag": 3, "change_message": ""}}, {"model": "admin.logentry", "pk": 23, "fields": {"action_time": "2021-06-04T18:32:26.007", "user": 2, "content_type": 8, "object_id": "15", "object_repr": "Hello", "action_flag": 3, "change_message": ""}}, {"model": "admin.logentry", "pk": 24, "fields": {"action_time": "2021-06-04T21:14:07.083", "user": 2, "content_type": 8, "object_id": "44", "object_repr": "but", "action_flag": 3, "change_message": ""}}, {"model": "admin.logentry", "pk": 25, "fields": {"action_time": "2021-06-04T21:14:07.085", "user": 2, "content_type": 8, "object_id": "43", "object_repr": "what", "action_flag": 3, "change_message": ""}}, {"model": "admin.logentry", "pk": 26, "fields": {"action_time": "2021-06-04T21:14:07.087", "user": 2, "content_type": 8, "object_id": "42", "object_repr": "how", "action_flag": 3, "change_message": ""}}, {"model": "admin.logentry", "pk": 27, "fields": {"action_time": "2021-06-04T21:14:07.089", "user": 2, "content_type": 8, "object_id": "41", "object_repr": "when", "action_flag": 3, "change_message": ""}}, {"model": "admin.logentry", "pk": 28, "fields": {"action_time": "2021-06-04T21:14:07.090", "user": 2, "content_type": 8, "object_id": "40", "object_repr": "but", "action_flag": 3, "change_message": ""}}, {"model": "admin.logentry", "pk": 29, "fields": {"action_time": "2021-06-04T21:14:07.092", "user": 2, "content_type": 8, "object_id": "39", "object_repr": "what", "action_flag": 3, "change_message": ""}}, {"model": "admin.logentry", "pk": 30, "fields": {"action_time": "2021-06-04T21:14:07.096", "user": 2, "content_type": 8, "object_id": "38", "object_repr": "what", "action_flag": 3, "change_message": ""}}, {"model": "admin.logentry", "pk": 31, "fields": {"action_time": "2021-06-04T21:14:07.099", "user": 2, "content_type": 8, "object_id": "37", "object_repr": "hello", "action_flag": 3, "change_message": ""}}, {"model": "admin.logentry", "pk": 32, "fields": {"action_time": "2021-06-04T21:14:07.101", "user": 2, "content_type": 8, "object_id": "36", "object_repr": "what", "action_flag": 3, "change_message": ""}}, {"model": "admin.logentry", "pk": 33, "fields": {"action_time": "2021-06-04T21:14:07.103", "user": 2, "content_type": 8, "object_id": "35", "object_repr": "what", "action_flag": 3, "change_message": ""}}, {"model": "admin.logentry", "pk": 34, "fields": {"action_time": "2021-06-04T21:14:07.104", "user": 2, "content_type": 8, "object_id": "34", "object_repr": "hello", "action_flag": 3, "change_message": ""}}, {"model": "admin.logentry", "pk": 35, "fields": {"action_time": "2021-06-04T21:14:07.107", "user": 2, "content_type": 8, "object_id": "33", "object_repr": "what", "action_flag": 3, "change_message": ""}}, {"model": "admin.logentry", "pk": 36, "fields": {"action_time": "2021-06-04T21:14:07.109", "user": 2, "content_type": 8, "object_id": "32", "object_repr": "Hola", "action_flag": 3, "change_message": ""}}, {"model": "admin.logentry", "pk": 37, "fields": {"action_time": "2021-06-04T21:14:07.110", "user": 2, "content_type": 8, "object_id": "31", "object_repr": "Goodbye", "action_flag": 3, "change_message": ""}}, {"model": "admin.logentry", "pk": 38, "fields": {"action_time": "2021-06-04T21:14:07.112", "user": 2, "content_type": 8, "object_id": "30", "object_repr": "Hello", "action_flag": 3, "change_message": ""}}, {"model": "admin.logentry", "pk": 39, "fields": {"action_time": "2021-06-04T21:14:07.113", "user": 2, "content_type": 8, "object_id": "29", "object_repr": "Hello world", "action_flag": 3, "change_message": ""}}, {"model": "admin.logentry", "pk": 40, "fields": {"action_time": "2021-06-04T21:14:07.115", "user": 2, "content_type": 8, "object_id": "28", "object_repr": "Hola", "action_flag": 3, "change_message": ""}}, {"model": "admin.logentry", "pk": 41, "fields": {"action_time": "2021-06-04T21:14:07.117", "user": 2, "content_type": 8, "object_id": "25", "object_repr": "Hello World", "action_flag": 3, "change_message": ""}}, {"model": "admin.logentry", "pk": 42, "fields": {"action_time": "2021-06-04T21:14:07.118", "user": 2, "content_type": 8, "object_id": "17", "object_repr": "Hello", "action_flag": 3, "change_message": ""}}, {"model": "admin.logentry", "pk": 43, "fields": {"action_time": "2021-06-09T00:10:19.711", "user": 2, "content_type": 8, "object_id": "66", "object_repr": "How did it go?", "action_flag": 3, "change_message": ""}}, {"model": "admin.logentry", "pk": 44, "fields": {"action_time": "2021-06-09T00:10:19.714", "user": 2, "content_type": 8, "object_id": "65", "object_repr": "When did you leave?", "action_flag": 3, "change_message": ""}}, {"model": "admin.logentry", "pk": 45, "fields": {"action_time": "2021-06-09T00:10:19.715", "user": 2, "content_type": 8, "object_id": "64", "object_repr": "What happened?", "action_flag": 3, "change_message": ""}}, {"model": "admin.logentry", "pk": 46, "fields": {"action_time": "2021-06-09T00:10:19.716", "user": 2, "content_type": 8, "object_id": "63", "object_repr": "How do you feel?", "action_flag": 3, "change_message": ""}}, {"model": "admin.logentry", "pk": 47, "fields": {"action_time": "2021-06-09T00:10:19.716", "user": 2, "content_type": 8, "object_id": "62", "object_repr": "hello", "action_flag": 3, "change_message": ""}}, {"model": "admin.logentry", "pk": 48, "fields": {"action_time": "2021-06-09T00:10:19.717", "user": 2, "content_type": 8, "object_id": "61", "object_repr": "Where", "action_flag": 3, "change_message": ""}}, {"model": "admin.logentry", "pk": 49, "fields": {"action_time": "2021-06-09T00:10:19.718", "user": 2, "content_type": 8, "object_id": "60", "object_repr": "When did you go", "action_flag": 3, "change_message": ""}}, {"model": "admin.logentry", "pk": 50, "fields": {"action_time": "2021-06-09T00:10:19.720", "user": 2, "content_type": 8, "object_id": "59", "object_repr": "What happened", "action_flag": 3, "change_message": ""}}, {"model": "admin.logentry", "pk": 51, "fields": {"action_time": "2021-06-09T00:10:19.721", "user": 2, "content_type": 8, "object_id": "58", "object_repr": "Hello world", "action_flag": 3, "change_message": ""}}, {"model": "admin.logentry", "pk": 52, "fields": {"action_time": "2021-06-09T00:10:19.722", "user": 2, "content_type": 8, "object_id": "57", "object_repr": "Goodbye", "action_flag": 3, "change_message": ""}}, {"model": "admin.logentry", "pk": 53, "fields": {"action_time": "2021-06-09T00:10:19.723", "user": 2, "content_type": 8, "object_id": "56", "object_repr": "Where", "action_flag": 3, "change_message": ""}}, {"model": "admin.logentry", "pk": 54, "fields": {"action_time": "2021-06-09T00:10:19.724", "user": 2, "content_type": 8, "object_id": "55", "object_repr": "Goodbye", "action_flag": 3, "change_message": ""}}, {"model": "admin.logentry", "pk": 55, "fields": {"action_time": "2021-06-09T00:10:19.725", "user": 2, "content_type": 8, "object_id": "54", "object_repr": "which way", "action_flag": 3, "change_message": ""}}, {"model": "admin.logentry", "pk": 56, "fields": {"action_time": "2021-06-09T00:10:19.725", "user": 2, "content_type": 8, "object_id": "53", "object_repr": "What happened?", "action_flag": 3, "change_message": ""}}, {"model": "admin.logentry", "pk": 57, "fields": {"action_time": "2021-06-09T00:10:19.726", "user": 2, "content_type": 8, "object_id": "52", "object_repr": "hello", "action_flag": 3, "change_message": ""}}, {"model": "admin.logentry", "pk": 58, "fields": {"action_time": "2021-06-09T00:10:19.727", "user": 2, "content_type": 8, "object_id": "51", "object_repr": "goodbye", "action_flag": 3, "change_message": ""}}, {"model": "admin.logentry", "pk": 59, "fields": {"action_time": "2021-06-09T00:10:19.728", "user": 2, "content_type": 8, "object_id": "50", "object_repr": "hello", "action_flag": 3, "change_message": ""}}, {"model": "admin.logentry", "pk": 60, "fields": {"action_time": "2021-06-09T00:10:19.729", "user": 2, "content_type": 8, "object_id": "49", "object_repr": "what", "action_flag": 3, "change_message": ""}}, {"model": "admin.logentry", "pk": 61, "fields": {"action_time": "2021-06-09T00:10:19.730", "user": 2, "content_type": 8, "object_id": "48", "object_repr": "what", "action_flag": 3, "change_message": ""}}, {"model": "admin.logentry", "pk": 62, "fields": {"action_time": "2021-06-09T00:10:19.731", "user": 2, "content_type": 8, "object_id": "47", "object_repr": "What", "action_flag": 3, "change_message": ""}}, {"model": "admin.logentry", "pk": 63, "fields": {"action_time": "2021-06-09T00:10:19.732", "user": 2, "content_type": 8, "object_id": "46", "object_repr": "Hello", "action_flag": 3, "change_message": ""}}, {"model": "admin.logentry", "pk": 64, "fields": {"action_time": "2021-06-09T00:10:19.733", "user": 2, "content_type": 8, "object_id": "45", "object_repr": "what", "action_flag": 3, "change_message": ""}}, {"model": "admin.logentry", "pk": 65, "fields": {"action_time": "2021-06-09T00:10:19.734", "user": 2, "content_type": 8, "object_id": "14", "object_repr": "Goodbye", "action_flag": 3, "change_message": ""}}, {"model": "admin.logentry", "pk": 66, "fields": {"action_time": "2021-06-10T10:07:51.988", "user": 2, "content_type": 8, "object_id": "88", "object_repr": "Hello", "action_flag": 3, "change_message": ""}}, {"model": "admin.logentry", "pk": 67, "fields": {"action_time": "2021-06-10T10:07:51.993", "user": 2, "content_type": 8, "object_id": "87", "object_repr": "How did it go?", "action_flag": 3, "change_message": ""}}, {"model": "admin.logentry", "pk": 68, "fields": {"action_time": "2021-06-10T10:07:51.995", "user": 2, "content_type": 8, "object_id": "86", "object_repr": "What happened?", "action_flag": 3, "change_message": ""}}, {"model": "admin.logentry", "pk": 69, "fields": {"action_time": "2021-06-10T10:07:51.997", "user": 2, "content_type": 8, "object_id": "85", "object_repr": "When did you leave?", "action_flag": 3, "change_message": ""}}, {"model": "admin.logentry", "pk": 70, "fields": {"action_time": "2021-06-10T10:07:51.998", "user": 2, "content_type": 8, "object_id": "84", "object_repr": "How did it go?", "action_flag": 3, "change_message": ""}}, {"model": "admin.logentry", "pk": 71, "fields": {"action_time": "2021-06-10T10:08:07.118", "user": 2, "content_type": 8, "object_id": "80", "object_repr": "What happened?", "action_flag": 3, "change_message": ""}}, {"model": "admin.logentry", "pk": 72, "fields": {"action_time": "2021-06-10T10:08:07.121", "user": 2, "content_type": 8, "object_id": "79", "object_repr": "What happened?", "action_flag": 3, "change_message": ""}}, {"model": "admin.logentry", "pk": 73, "fields": {"action_time": "2021-06-10T10:08:07.122", "user": 2, "content_type": 8, "object_id": "78", "object_repr": "How do you feel?", "action_flag": 3, "change_message": ""}}, {"model": "admin.logentry", "pk": 74, "fields": {"action_time": "2021-06-10T10:08:07.124", "user": 2, "content_type": 8, "object_id": "77", "object_repr": "How did it go?", "action_flag": 3, "change_message": ""}}, {"model": "admin.logentry", "pk": 75, "fields": {"action_time": "2021-06-10T10:08:07.126", "user": 2, "content_type": 8, "object_id": "76", "object_repr": "What happened?", "action_flag": 3, "change_message": ""}}, {"model": "admin.logentry", "pk": 76, "fields": {"action_time": "2021-06-10T10:08:07.127", "user": 2, "content_type": 8, "object_id": "75", "object_repr": "What", "action_flag": 3, "change_message": ""}}, {"model": "admin.logentry", "pk": 77, "fields": {"action_time": "2021-06-10T10:08:07.128", "user": 2, "content_type": 8, "object_id": "74", "object_repr": "How do you feel?", "action_flag": 3, "change_message": ""}}, {"model": "admin.logentry", "pk": 78, "fields": {"action_time": "2021-06-10T10:08:20.494", "user": 2, "content_type": 8, "object_id": "83", "object_repr": "How do you feel?", "action_flag": 3, "change_message": ""}}, {"model": "admin.logentry", "pk": 79, "fields": {"action_time": "2021-06-10T10:08:20.497", "user": 2, "content_type": 8, "object_id": "82", "object_repr": "How did it go?", "action_flag": 3, "change_message": ""}}, {"model": "admin.logentry", "pk": 80, "fields": {"action_time": "2021-06-10T10:08:20.499", "user": 2, "content_type": 8, "object_id": "81", "object_repr": "How did it go?", "action_flag": 3, "change_message": ""}}, {"model": "admin.logentry", "pk": 81, "fields": {"action_time": "2021-06-10T10:08:20.500", "user": 2, "content_type": 8, "object_id": "73", "object_repr": "When is lunch?", "action_flag": 3, "change_message": ""}}, {"model": "admin.logentry", "pk": 82, "fields": {"action_time": "2021-06-10T10:08:20.502", "user": 2, "content_type": 8, "object_id": "72", "object_repr": "What happened?", "action_flag": 3, "change_message": ""}}, {"model": "admin.logentry", "pk": 83, "fields": {"action_time": "2021-06-10T10:08:20.504", "user": 2, "content_type": 8, "object_id": "71", "object_repr": "How are you?", "action_flag": 3, "change_message": ""}}, {"model": "admin.logentry", "pk": 84, "fields": {"action_time": "2021-06-10T10:08:20.505", "user": 2, "content_type": 8, "object_id": "70", "object_repr": "What happened?", "action_flag": 3, "change_message": ""}}, {"model": "admin.logentry", "pk": 85, "fields": {"action_time": "2021-06-10T10:08:20.506", "user": 2, "content_type": 8, "object_id": "69", "object_repr": "What's up?", "action_flag": 3, "change_message": ""}}, {"model": "admin.logentry", "pk": 86, "fields": {"action_time": "2021-06-10T10:08:20.507", "user": 2, "content_type": 8, "object_id": "68", "object_repr": "Goodbye", "action_flag": 3, "change_message": ""}}, {"model": "admin.logentry", "pk": 87, "fields": {"action_time": "2021-06-22T12:41:30.170", "user": 1, "content_type": 8, "object_id": "106", "object_repr": "How are you?", "action_flag": 3, "change_message": ""}}, {"model": "admin.logentry", "pk": 88, "fields": {"action_time": "2021-06-22T12:41:30.175", "user": 1, "content_type": 8, "object_id": "105", "object_repr": "Hello", "action_flag": 3, "change_message": ""}}, {"model": "admin.logentry", "pk": 89, "fields": {"action_time": "2021-06-22T12:41:30.176", "user": 1, "content_type": 8, "object_id": "104", "object_repr": "When did you leave?", "action_flag": 3, "change_message": ""}}, {"model": "admin.logentry", "pk": 90, "fields": {"action_time": "2021-06-22T12:41:30.176", "user": 1, "content_type": 8, "object_id": "103", "object_repr": "What happened?", "action_flag": 3, "change_message": ""}}, {"model": "admin.logentry", "pk": 91, "fields": {"action_time": "2021-06-22T12:41:30.177", "user": 1, "content_type": 8, "object_id": "102", "object_repr": "When is the game?", "action_flag": 3, "change_message": ""}}, {"model": "admin.logentry", "pk": 92, "fields": {"action_time": "2021-06-22T12:41:30.177", "user": 1, "content_type": 8, "object_id": "101", "object_repr": "Goodbye", "action_flag": 3, "change_message": ""}}, {"model": "admin.logentry", "pk": 93, "fields": {"action_time": "2021-06-22T12:41:30.178", "user": 1, "content_type": 8, "object_id": "100", "object_repr": "Hello", "action_flag": 3, "change_message": ""}}, {"model": "admin.logentry", "pk": 94, "fields": {"action_time": "2021-06-22T12:41:30.179", "user": 1, "content_type": 8, "object_id": "99", "object_repr": "What happened?", "action_flag": 3, "change_message": ""}}, {"model": "admin.logentry", "pk": 95, "fields": {"action_time": "2021-06-22T12:41:30.179", "user": 1, "content_type": 8, "object_id": "98", "object_repr": "How did it go?", "action_flag": 3, "change_message": ""}}, {"model": "admin.logentry", "pk": 96, "fields": {"action_time": "2021-06-22T12:41:30.180", "user": 1, "content_type": 8, "object_id": "97", "object_repr": "What do you mean?", "action_flag": 3, "change_message": ""}}, {"model": "admin.logentry", "pk": 97, "fields": {"action_time": "2021-06-22T12:41:30.181", "user": 1, "content_type": 8, "object_id": "96", "object_repr": "Hello", "action_flag": 3, "change_message": ""}}, {"model": "admin.logentry", "pk": 98, "fields": {"action_time": "2021-06-22T12:41:30.181", "user": 1, "content_type": 8, "object_id": "95", "object_repr": "How do you feel?", "action_flag": 3, "change_message": ""}}, {"model": "admin.logentry", "pk": 99, "fields": {"action_time": "2021-06-22T12:41:30.182", "user": 1, "content_type": 8, "object_id": "94", "object_repr": "How did it go?", "action_flag": 3, "change_message": ""}}, {"model": "admin.logentry", "pk": 100, "fields": {"action_time": "2021-06-22T12:41:30.182", "user": 1, "content_type": 8, "object_id": "93", "object_repr": "What happened?", "action_flag": 3, "change_message": ""}}, {"model": "admin.logentry", "pk": 101, "fields": {"action_time": "2021-06-22T12:41:30.183", "user": 1, "content_type": 8, "object_id": "92", "object_repr": "How did it go at the thing that happened yesterday before lunch?", "action_flag": 3, "change_message": ""}}, {"model": "admin.logentry", "pk": 102, "fields": {"action_time": "2021-06-22T12:41:30.184", "user": 1, "content_type": 8, "object_id": "91", "object_repr": "When did you leave for the movie theater?", "action_flag": 3, "change_message": ""}}, {"model": "admin.logentry", "pk": 103, "fields": {"action_time": "2021-06-22T12:41:30.184", "user": 1, "content_type": 8, "object_id": "90", "object_repr": "I'm not sure what you mean by that. How about this?", "action_flag": 3, "change_message": ""}}, {"model": "admin.logentry", "pk": 104, "fields": {"action_time": "2021-06-22T12:41:30.185", "user": 1, "content_type": 8, "object_id": "89", "object_repr": "Hello world", "action_flag": 3, "change_message": ""}}, {"model": "admin.logentry", "pk": 105, "fields": {"action_time": "2021-06-22T12:41:30.186", "user": 1, "content_type": 8, "object_id": "67", "object_repr": "What is for dinner?", "action_flag": 3, "change_message": ""}}, {"model": "admin.logentry", "pk": 106, "fields": {"action_time": "2021-06-22T12:41:30.186", "user": 1, "content_type": 8, "object_id": "13", "object_repr": "Hello", "action_flag": 3, "change_message": ""}}, {"model": "admin.logentry", "pk": 107, "fields": {"action_time": "2021-06-22T16:38:31.817", "user": 1, "content_type": 8, "object_id": "1", "object_repr": "What happened?", "action_flag": 1, "change_message": "[{\"added\": {}}]"}}, {"model": "admin.logentry", "pk": 108, "fields": {"action_time": "2021-06-24T17:10:16.122", "user": 1, "content_type": 8, "object_id": "2", "object_repr": "How did it go?", "action_flag": 1, "change_message": "[{\"added\": {}}]"}}, {"model": "admin.logentry", "pk": 109, "fields": {"action_time": "2021-06-24T17:10:50.080", "user": 1, "content_type": 8, "object_id": "3", "object_repr": "Hello, world", "action_flag": 1, "change_message": "[{\"added\": {}}]"}}, {"model": "admin.logentry", "pk": 110, "fields": {"action_time": "2021-06-29T11:23:48.847", "user": 1, "content_type": 8, "object_id": "10", "object_repr": "Message object (10)", "action_flag": 2, "change_message": "[{\"changed\": {\"fields\": [\"Author\"]}}]"}}, {"model": "admin.logentry", "pk": 111, "fields": {"action_time": "2021-07-20T10:36:05.576", "user": 1, "content_type": 8, "object_id": "30", "object_repr": "Message object (30)", "action_flag": 3, "change_message": ""}}, {"model": "admin.logentry", "pk": 112, "fields": {"action_time": "2021-07-20T10:36:11.908", "user": 1, "content_type": 8, "object_id": "29", "object_repr": "Message object (29)", "action_flag": 3, "change_message": ""}}, {"model": "admin.logentry", "pk": 113, "fields": {"action_time": "2021-07-20T10:36:11.911", "user": 1, "content_type": 8, "object_id": "28", "object_repr": "Message object (28)", "action_flag": 3, "change_message": ""}}, {"model": "admin.logentry", "pk": 114, "fields": {"action_time": "2021-07-20T10:36:11.914", "user": 1, "content_type": 8, "object_id": "27", "object_repr": "Message object (27)", "action_flag": 3, "change_message": ""}}, {"model": "admin.logentry", "pk": 115, "fields": {"action_time": "2021-07-20T10:36:35.297", "user": 1, "content_type": 8, "object_id": "26", "object_repr": "Message object (26)", "action_flag": 3, "change_message": ""}}, {"model": "admin.logentry", "pk": 116, "fields": {"action_time": "2021-07-20T10:36:35.298", "user": 1, "content_type": 8, "object_id": "25", "object_repr": "Message object (25)", "action_flag": 3, "change_message": ""}}, {"model": "admin.logentry", "pk": 117, "fields": {"action_time": "2021-07-20T10:36:35.300", "user": 1, "content_type": 8, "object_id": "24", "object_repr": "Message object (24)", "action_flag": 3, "change_message": ""}}, {"model": "admin.logentry", "pk": 118, "fields": {"action_time": "2021-07-20T10:36:35.301", "user": 1, "content_type": 8, "object_id": "23", "object_repr": "Message object (23)", "action_flag": 3, "change_message": ""}}, {"model": "admin.logentry", "pk": 119, "fields": {"action_time": "2021-07-20T10:36:35.302", "user": 1, "content_type": 8, "object_id": "22", "object_repr": "Message object (22)", "action_flag": 3, "change_message": ""}}, {"model": "admin.logentry", "pk": 120, "fields": {"action_time": "2021-07-20T10:36:50.090", "user": 1, "content_type": 8, "object_id": "18", "object_repr": "Message object (18)", "action_flag": 3, "change_message": ""}}, {"model": "admin.logentry", "pk": 121, "fields": {"action_time": "2021-07-20T10:36:50.092", "user": 1, "content_type": 8, "object_id": "17", "object_repr": "Message object (17)", "action_flag": 3, "change_message": ""}}, {"model": "admin.logentry", "pk": 122, "fields": {"action_time": "2021-07-20T10:36:50.094", "user": 1, "content_type": 8, "object_id": "16", "object_repr": "Message object (16)", "action_flag": 3, "change_message": ""}}, {"model": "admin.logentry", "pk": 123, "fields": {"action_time": "2021-07-20T10:36:50.095", "user": 1, "content_type": 8, "object_id": "15", "object_repr": "Message object (15)", "action_flag": 3, "change_message": ""}}, {"model": "admin.logentry", "pk": 124, "fields": {"action_time": "2021-07-20T10:36:50.096", "user": 1, "content_type": 8, "object_id": "14", "object_repr": "Message object (14)", "action_flag": 3, "change_message": ""}}, {"model": "admin.logentry", "pk": 125, "fields": {"action_time": "2021-07-20T10:36:50.097", "user": 1, "content_type": 8, "object_id": "13", "object_repr": "Message object (13)", "action_flag": 3, "change_message": ""}}, {"model": "admin.logentry", "pk": 126, "fields": {"action_time": "2021-07-20T10:36:50.099", "user": 1, "content_type": 8, "object_id": "12", "object_repr": "Message object (12)", "action_flag": 3, "change_message": ""}}, {"model": "admin.logentry", "pk": 127, "fields": {"action_time": "2021-07-20T10:36:50.100", "user": 1, "content_type": 8, "object_id": "11", "object_repr": "Message object (11)", "action_flag": 3, "change_message": ""}}, {"model": "admin.logentry", "pk": 128, "fields": {"action_time": "2021-07-20T10:36:50.101", "user": 1, "content_type": 8, "object_id": "10", "object_repr": "Message object (10)", "action_flag": 3, "change_message": ""}}, {"model": "admin.logentry", "pk": 129, "fields": {"action_time": "2021-07-20T10:36:50.102", "user": 1, "content_type": 8, "object_id": "9", "object_repr": "Message object (9)", "action_flag": 3, "change_message": ""}}, {"model": "admin.logentry", "pk": 130, "fields": {"action_time": "2021-07-20T10:36:50.103", "user": 1, "content_type": 8, "object_id": "8", "object_repr": "Message object (8)", "action_flag": 3, "change_message": ""}}, {"model": "admin.logentry", "pk": 131, "fields": {"action_time": "2021-07-20T10:37:12.289", "user": 1, "content_type": 8, "object_id": "20", "object_repr": "Message object (20)", "action_flag": 3, "change_message": ""}}, {"model": "admin.logentry", "pk": 132, "fields": {"action_time": "2021-07-20T10:37:12.292", "user": 1, "content_type": 8, "object_id": "19", "object_repr": "Message object (19)", "action_flag": 3, "change_message": ""}}, {"model": "admin.logentry", "pk": 133, "fields": {"action_time": "2021-07-20T10:37:12.294", "user": 1, "content_type": 8, "object_id": "7", "object_repr": "Message object (7)", "action_flag": 3, "change_message": ""}}, {"model": "admin.logentry", "pk": 134, "fields": {"action_time": "2021-07-20T10:37:12.296", "user": 1, "content_type": 8, "object_id": "6", "object_repr": "Message object (6)", "action_flag": 3, "change_message": ""}}, {"model": "admin.logentry", "pk": 135, "fields": {"action_time": "2021-07-20T10:37:12.297", "user": 1, "content_type": 8, "object_id": "5", "object_repr": "Message object (5)", "action_flag": 3, "change_message": ""}}, {"model": "admin.logentry", "pk": 136, "fields": {"action_time": "2021-07-20T10:37:12.299", "user": 1, "content_type": 8, "object_id": "4", "object_repr": "Message object (4)", "action_flag": 3, "change_message": ""}}, {"model": "admin.logentry", "pk": 137, "fields": {"action_time": "2021-07-20T10:37:12.300", "user": 1, "content_type": 8, "object_id": "3", "object_repr": "Message object (3)", "action_flag": 3, "change_message": ""}}, {"model": "admin.logentry", "pk": 138, "fields": {"action_time": "2021-07-20T10:37:12.302", "user": 1, "content_type": 8, "object_id": "2", "object_repr": "Message object (2)", "action_flag": 3, "change_message": ""}}, {"model": "admin.logentry", "pk": 139, "fields": {"action_time": "2021-07-20T10:37:12.303", "user": 1, "content_type": 8, "object_id": "1", "object_repr": "Message object (1)", "action_flag": 3, "change_message": ""}}, {"model": "admin.logentry", "pk": 140, "fields": {"action_time": "2021-07-20T10:37:51.828", "user": 1, "content_type": 8, "object_id": "31", "object_repr": "Message object (31)", "action_flag": 3, "change_message": ""}}, {"model": "admin.logentry", "pk": 141, "fields": {"action_time": "2021-07-20T10:37:51.830", "user": 1, "content_type": 8, "object_id": "21", "object_repr": "Message object (21)", "action_flag": 3, "change_message": ""}}, {"model": "admin.logentry", "pk": 142, "fields": {"action_time": "2021-07-20T10:41:33.546", "user": 1, "content_type": 8, "object_id": "32", "object_repr": "Message object (32)", "action_flag": 1, "change_message": "[{\"added\": {}}]"}}, {"model": "auth.permission", "pk": 1, "fields": {"name": "Can add log entry", "content_type": 1, "codename": "add_logentry"}}, {"model": "auth.permission", "pk": 2, "fields": {"name": "Can change log entry", "content_type": 1, "codename": "change_logentry"}}, {"model": "auth.permission", "pk": 3, "fields": {"name": "Can delete log entry", "content_type": 1, "codename": "delete_logentry"}}, {"model": "auth.permission", "pk": 4, "fields": {"name": "Can view log entry", "content_type": 1, "codename": "view_logentry"}}, {"model": "auth.permission", "pk": 5, "fields": {"name": "Can add permission", "content_type": 2, "codename": "add_permission"}}, {"model": "auth.permission", "pk": 6, "fields": {"name": "Can change permission", "content_type": 2, "codename": "change_permission"}}, {"model": "auth.permission", "pk": 7, "fields": {"name": "Can delete permission", "content_type": 2, "codename": "delete_permission"}}, {"model": "auth.permission", "pk": 8, "fields": {"name": "Can view permission", "content_type": 2, "codename": "view_permission"}}, {"model": "auth.permission", "pk": 9, "fields": {"name": "Can add group", "content_type": 3, "codename": "add_group"}}, {"model": "auth.permission", "pk": 10, "fields": {"name": "Can change group", "content_type": 3, "codename": "change_group"}}, {"model": "auth.permission", "pk": 11, "fields": {"name": "Can delete group", "content_type": 3, "codename": "delete_group"}}, {"model": "auth.permission", "pk": 12, "fields": {"name": "Can view group", "content_type": 3, "codename": "view_group"}}, {"model": "auth.permission", "pk": 13, "fields": {"name": "Can add user", "content_type": 4, "codename": "add_user"}}, {"model": "auth.permission", "pk": 14, "fields": {"name": "Can change user", "content_type": 4, "codename": "change_user"}}, {"model": "auth.permission", "pk": 15, "fields": {"name": "Can delete user", "content_type": 4, "codename": "delete_user"}}, {"model": "auth.permission", "pk": 16, "fields": {"name": "Can view user", "content_type": 4, "codename": "view_user"}}, {"model": "auth.permission", "pk": 17, "fields": {"name": "Can add content type", "content_type": 5, "codename": "add_contenttype"}}, {"model": "auth.permission", "pk": 18, "fields": {"name": "Can change content type", "content_type": 5, "codename": "change_contenttype"}}, {"model": "auth.permission", "pk": 19, "fields": {"name": "Can delete content type", "content_type": 5, "codename": "delete_contenttype"}}, {"model": "auth.permission", "pk": 20, "fields": {"name": "Can view content type", "content_type": 5, "codename": "view_contenttype"}}, {"model": "auth.permission", "pk": 21, "fields": {"name": "Can add session", "content_type": 6, "codename": "add_session"}}, {"model": "auth.permission", "pk": 22, "fields": {"name": "Can change session", "content_type": 6, "codename": "change_session"}}, {"model": "auth.permission", "pk": 23, "fields": {"name": "Can delete session", "content_type": 6, "codename": "delete_session"}}, {"model": "auth.permission", "pk": 24, "fields": {"name": "Can view session", "content_type": 6, "codename": "view_session"}}, {"model": "auth.permission", "pk": 25, "fields": {"name": "Can add message", "content_type": 7, "codename": "add_message"}}, {"model": "auth.permission", "pk": 26, "fields": {"name": "Can change message", "content_type": 7, "codename": "change_message"}}, {"model": "auth.permission", "pk": 27, "fields": {"name": "Can delete message", "content_type": 7, "codename": "delete_message"}}, {"model": "auth.permission", "pk": 28, "fields": {"name": "Can view message", "content_type": 7, "codename": "view_message"}}, {"model": "auth.permission", "pk": 29, "fields": {"name": "Can add message", "content_type": 8, "codename": "add_message"}}, {"model": "auth.permission", "pk": 30, "fields": {"name": "Can change message", "content_type": 8, "codename": "change_message"}}, {"model": "auth.permission", "pk": 31, "fields": {"name": "Can delete message", "content_type": 8, "codename": "delete_message"}}, {"model": "auth.permission", "pk": 32, "fields": {"name": "Can view message", "content_type": 8, "codename": "view_message"}}, {"model": "auth.permission", "pk": 33, "fields": {"name": "Can add chat", "content_type": 9, "codename": "add_chat"}}, {"model": "auth.permission", "pk": 34, "fields": {"name": "Can change chat", "content_type": 9, "codename": "change_chat"}}, {"model": "auth.permission", "pk": 35, "fields": {"name": "Can delete chat", "content_type": 9, "codename": "delete_chat"}}, {"model": "auth.permission", "pk": 36, "fields": {"name": "Can view chat", "content_type": 9, "codename": "view_chat"}}, {"model": "auth.permission", "pk": 37, "fields": {"name": "Can add participant", "content_type": 10, "codename": "add_participant"}}, {"model": "auth.permission", "pk": 38, "fields": {"name": "Can change participant", "content_type": 10, "codename": "change_participant"}}, {"model": "auth.permission", "pk": 39, "fields": {"name": "Can delete participant", "content_type": 10, "codename": "delete_participant"}}, {"model": "auth.permission", "pk": 40, "fields": {"name": "Can view participant", "content_type": 10, "codename": "view_participant"}}, {"model": "auth.user", "pk": 1, "fields": {"password": "pbkdf2_sha256$260000$qgGm1RCZaMDH3PlKTMNgRO$ISLPT9+x7eASM5qR0UZGWZ5sH2mpttQzT5WUecc7xl0=", "last_login": "2021-10-11T10:05:22.107", "is_superuser": true, "username": "alec.kienzle", "first_name": "", "last_name": "", "email": "alec.kienzle@gmail.com", "is_staff": true, "is_active": true, "date_joined": "2021-05-24T17:43:31.920", "groups": [], "user_permissions": []}}, {"model": "auth.user", "pk": 2, "fields": {"password": "pbkdf2_sha256$260000$3IubXIvlZce4Vv5TrHFNpX$ZZXvnRv9fgyw5/jJhVzTzUHb2RL+0n0bKSf8mrO1Qxg=", "last_login": "2021-06-30T15:37:39.862", "is_superuser": true, "username": "aleckienzle", "first_name": "", "last_name": "", "email": "alec.kienzle@gmail.com", "is_staff": true, "is_active": true, "date_joined": "2021-05-25T02:52:06.843", "groups": [], "user_permissions": []}}, {"model": "auth.user", "pk": 3, "fields": {"password": "pbkdf2_sha256$260000$jHMHVsf4WMSpSUwGHCUV98$cITOS/OeHyk2w4BhSekBHi8fHcpFlLal7jAMiNBS6ag=", "last_login": "2021-10-11T10:01:13.668", "is_superuser": false, "username": "steve", "first_name": "", "last_name": "", "email": "steve@email.com", "is_staff": false, "is_active": true, "date_joined": "2021-09-28T14:28:19.738", "groups": [], "user_permissions": []}}, {"model": "auth.user", "pk": 4, "fields": {"password": "pbkdf2_sha256$260000$s9ik4sK2ON6zMyz4omklRE$CX4wCeZH1ZF/dWRITQ5qvuyx61BmG/fKs5/v7c8tFss=", "last_login": "2021-10-11T10:07:43.948", "is_superuser": false, "username": "carol", "first_name": "", "last_name": "", "email": "carol@email.com", "is_staff": false, "is_active": true, "date_joined": "2021-09-28T15:07:51.026", "groups": [], "user_permissions": []}}, {"model": "auth.user", "pk": 5, "fields": {"password": "pbkdf2_sha256$260000$5j6CL1fGJiQcUwL75u2Gw9$RL0tl7PY7bg8y/Di+vmJEdIbEuoBdYSMvR34uvNTDtg=", "last_login": "2021-10-11T09:20:38.399", "is_superuser": false, "username": "bob", "first_name": "", "last_name": "", "email": "bob@email.com", "is_staff": false, "is_active": true, "date_joined": "2021-10-01T13:47:14.263", "groups": [], "user_permissions": []}}, {"model": "auth.user", "pk": 6, "fields": {"password": "pbkdf2_sha256$260000$Odrrp1tkfwkxUdOMPCTp3L$xpeBCqG+3l9aeBUaLFpr16TQagWhu/rNORS0pgXiQ4k=", "last_login": "2021-10-07T21:27:24.962", "is_superuser": false, "username": "anne", "first_name": "", "last_name": "", "email": "anne@email.com", "is_staff": false, "is_active": true, "date_joined": "2021-10-07T21:27:11.707", "groups": [], "user_permissions": []}}, {"model": "auth.user", "pk": 7, "fields": {"password": "pbkdf2_sha256$260000$haEOXJ3odLGcC8zpZmf8Gp$/kh8/EDqUGC/uQ5b9+Ark7nDCi4tnwUWxNfuAnFn6zM=", "last_login": "2021-10-08T16:45:48.928", "is_superuser": false, "username": "sam", "first_name": "", "last_name": "", "email": "sam@email.com", "is_staff": false, "is_active": true, "date_joined": "2021-10-08T10:33:16.876", "groups": [], "user_permissions": []}}, {"model": "auth.user", "pk": 8, "fields": {"password": "pbkdf2_sha256$260000$VX2aIgez84ln7HHIwB3Hu1$jiHNd+QBIzJALk/l/GZfq9jWSRR7jltgozG12l1xI/s=", "last_login": null, "is_superuser": false, "username": "tim", "first_name": "", "last_name": "", "email": "tim@email.com", "is_staff": false, "is_active": true, "date_joined": "2021-10-08T10:57:48.716", "groups": [], "user_permissions": []}}, {"model": "auth.user", "pk": 9, "fields": {"password": "pbkdf2_sha256$260000$NipUyO2ostBvheYwQL8d6P$T9jgyq90iILm4UC/Y1Rr7nyvyBF8GFfrqMjUSVUl0ok=", "last_login": "2021-10-08T13:03:31.766", "is_superuser": false, "username": "betty", "first_name": "", "last_name": "", "email": "betty@email.com", "is_staff": false, "is_active": true, "date_joined": "2021-10-08T11:01:38.439", "groups": [], "user_permissions": []}}, {"model": "auth.user", "pk": 10, "fields": {"password": "pbkdf2_sha256$260000$ktsX3Pi7sr6Ljpvy72zZas$/pkBuAzjUyg8HOyZOBJATmTcuRjlHZur/5wFAsOGF2w=", "last_login": "2021-10-08T13:04:33.983", "is_superuser": false, "username": "larry", "first_name": "", "last_name": "", "email": "larry@email.com", "is_staff": false, "is_active": true, "date_joined": "2021-10-08T13:04:26.929", "groups": [], "user_permissions": []}}, {"model": "contenttypes.contenttype", "pk": 1, "fields": {"app_label": "admin", "model": "logentry"}}, {"model": "contenttypes.contenttype", "pk": 2, "fields": {"app_label": "auth", "model": "permission"}}, {"model": "contenttypes.contenttype", "pk": 3, "fields": {"app_label": "auth", "model": "group"}}, {"model": "contenttypes.contenttype", "pk": 4, "fields": {"app_label": "auth", "model": "user"}}, {"model": "contenttypes.contenttype", "pk": 5, "fields": {"app_label": "contenttypes", "model": "contenttype"}}, {"model": "contenttypes.contenttype", "pk": 6, "fields": {"app_label": "sessions", "model": "session"}}, {"model": "contenttypes.contenttype", "pk": 7, "fields": {"app_label": "backend", "model": "message"}}, {"model": "contenttypes.contenttype", "pk": 8, "fields": {"app_label": "chat", "model": "message"}}, {"model": "contenttypes.contenttype", "pk": 9, "fields": {"app_label": "chat", "model": "chat"}}, {"model": "contenttypes.contenttype", "pk": 10, "fields": {"app_label": "chat", "model": "participant"}}, {"model": "sessions.session", "pk": "0motijxltw180mlmg3q9ocvu7zexssbk", "fields": {"session_data": ".eJxVjDEOwjAMRe-SGUWYpGnNyM4Zqji2SQElUtNOiLtDpQ6w_vfef5kxrkse1ybzOLE5m84cfjeK6SFlA3yP5VZtqmWZJ7KbYnfa7LWyPC-7-3eQY8vfmjQB8FFPIamEHh0zKHgKGJySV0bQ3vuICIHcwB1JEkc4eMEoksz7Awd_OQ8:1mYFPP:Vjuf2KjTtdy0uP4ah93_vL17oMSw_h7dyhQx8FUltgI", "expire_date": "2021-10-06T16:29:07.732"}}, {"model": "sessions.session", "pk": "183cbm7qwcyaxptg7xtwxh6le8d6l4oj", "fields": {"session_data": ".eJxVjMsOwiAUBf-FtSFQLgVcuvcbmgsHpGpo0sfK-O_apAvdnpk5LzHwttZhW_I8jBBnocXpd4ucHrntAHdut0mmqa3zGOWuyIMu8johPy-H-3dQeanf2viuIKngFfVWB_SdM6SM80yJmJVFSNEiElBMpAxChs6wlJw2JYr3B9MlOFs:1mW4pD:79UJLVnLpY2v9GRTGjKfeadfR0VeqXgS5HYDxHKZJh8", "expire_date": "2021-09-30T16:46:47.266"}}, {"model": "sessions.session", "pk": "1ec3s5gofo382jwy2ct6mlje6d20kuk3", "fields": {"session_data": ".eJxVjDEOwjAMRe-SGUUOTZ3CyM4ZIrt2SAElUtNOiLtDpQ6w_vfef5lI65Lj2nSOk5iz8ebwuzGNDy0bkDuVW7VjLcs8sd0Uu9Nmr1X0edndv4NMLX_r0AfyySMxIyqAMrP4xAKsg_TBgQphYkeEwWnH4AJ7keHYYTpBMO8PFQU43w:1mWPS3:lOyoknvyuyCVQMywhrTnj6vsgjIrFx-XCJH8Qu0Crqk", "expire_date": "2021-10-01T14:48:15.941"}}, {"model": "sessions.session", "pk": "20fs3djm0pmgwzy83v8bq1tfsrpa3ro1", "fields": {"session_data": ".eJxVjMsOwiAUBf-FtSFQLgVcuvcbmgsHpGpo0sfK-O_apAvdnpk5LzHwttZhW_I8jBBnocXpd4ucHrntAHdut0mmqa3zGOWuyIMu8johPy-H-3dQeanf2viuIKngFfVWB_SdM6SM80yJmJVFSNEiElBMpAxChs6wlJw2JYr3B9MlOFs:1mW2Vm:P4L-SlZqNppbYigNiJS2QCwJ8NtAvhwMdfm0OcFnaxw", "expire_date": "2021-09-30T14:18:34.556"}}, {"model": "sessions.session", "pk": "2pto0zgc3lvopygr8pwjymfpd9efe866", "fields": {"session_data": ".eJxVjMsOwiAUBf-FtSFQLgVcuvcbmgsHpGpo0sfK-O_apAvdnpk5LzHwttZhW_I8jBBnocXpd4ucHrntAHdut0mmqa3zGOWuyIMu8johPy-H-3dQeanf2viuIKngFfVWB_SdM6SM80yJmJVFSNEiElBMpAxChs6wlJw2JYr3B9MlOFs:1mWlRK:A4z4P1k1HKR1UkVnW45oBfSZzFKOiaxD7I6ewaL4O90", "expire_date": "2021-10-02T14:16:58.055"}}, {"model": "sessions.session", "pk": "3miuop5g1a93zjicv4bvoxo34r1srr87", "fields": {"session_data": ".eJxVjMsOwiAUBf-FtSFQLgVcuvcbmgsHpGpo0sfK-O_apAvdnpk5LzHwttZhW_I8jBBnocXpd4ucHrntAHdut0mmqa3zGOWuyIMu8johPy-H-3dQeanf2viuIKngFfVWB_SdM6SM80yJmJVFSNEiElBMpAxChs6wlJw2JYr3B9MlOFs:1mW5vO:60eAxEGTWGS7ZVGUg1ZM92CtNzvyIk04VctSiNkZ9vA", "expire_date": "2021-09-30T17:57:14.622"}}, {"model": "sessions.session", "pk": "4cy43a5k9xpm1dd6cmuvi7d4qo1wwac7", "fields": {"session_data": ".eJxVjMsOwiAQRf-FtSHDG1y69xsIDINUDU1KuzL-uzbpQrf3nHNfLKZtbXEbtMSpsDNT7PS75YQP6jso99RvM8e5r8uU-a7wgw5-nQs9L4f7d9DSaN8alSdhCQwWUK7kqiqCcEJpUWWwlK0LRoDXWWgCD2gKSlmNweRyDZa9P9ojN5w:1mXSpz:ZrF9A1OJoZhKTmb9HwKNyCrBGg7Wvu6NJ_QPG0EbbFs", "expire_date": "2021-10-04T12:37:19.283"}}, {"model": "sessions.session", "pk": "4lpl9e79e87lggyqfdq17c7blk8dagno", "fields": {"session_data": ".eJxVjMsOwiAUBf-FtSFQLgVcuvcbmgsHpGpo0sfK-O_apAvdnpk5LzHwttZhW_I8jBBnocXpd4ucHrntAHdut0mmqa3zGOWuyIMu8johPy-H-3dQeanf2viuIKngFfVWB_SdM6SM80yJmJVFSNEiElBMpAxChs6wlJw2JYr3B9MlOFs:1mSlbe:msNxLKGLyeLYcnZhYt467j1bfDBv0FuO4j40JH_poGU", "expire_date": "2021-09-21T13:39:06.974"}}, {"model": "sessions.session", "pk": "4rkcxbic5niwvv7uoojydruexrtkasi3", "fields": {"session_data": ".eJxVjMsOwiAUBf-FtSFQLgVcuvcbmgsHpGpo0sfK-O_apAvdnpk5LzHwttZhW_I8jBBnocXpd4ucHrntAHdut0mmqa3zGOWuyIMu8johPy-H-3dQeanf2viuIKngFfVWB_SdM6SM80yJmJVFSNEiElBMpAxChs6wlJw2JYr3B9MlOFs:1mVJ1O:SnbuOqKNuE0cbO4vd_TyRsyWjyA70PnHZZvorVvj1LM", "expire_date": "2021-09-28T13:44:10.831"}}, {"model": "sessions.session", "pk": "5gow5w91d4xbcoe6s3dqcoygcrbc6c83", "fields": {"session_data": ".eJxVjMsOwiAQRf-FtSHDG1y69xsIDINUDU1KuzL-uzbpQrf3nHNfLKZtbXEbtMSpsDNT7PS75YQP6jso99RvM8e5r8uU-a7wgw5-nQs9L4f7d9DSaN8alSdhCQwWUK7kqiqCcEJpUWWwlK0LRoDXWWgCD2gKSlmNweRyDZa9P9ojN5w:1mYGjc:qiLF7agrcTwWAUa5Ay0UNgVdNk_EqLw0lMbwQthhQmI", "expire_date": "2021-10-06T17:54:04.761"}}, {"model": "sessions.session", "pk": "61nhfkw1w1adarz892fjn003gi7kz6ga", "fields": {"session_data": ".eJxVjDEOwjAMRe-SGUWYpGnNyM4Zqji2SQElUtNOiLtDpQ6w_vfef5kxrkse1ybzOLE5m84cfjeK6SFlA3yP5VZtqmWZJ7KbYnfa7LWyPC-7-3eQY8vfmjQB8FFPIamEHh0zKHgKGJySV0bQ3vuICIHcwB1JEkc4eMEoksz7Awd_OQ8:1mXWSL:kfp1tnMnxRCOQltdnvCSK8vN_EKZDcIh5hGLgZP-AIc", "expire_date": "2021-10-04T16:29:09.793"}}, {"model": "sessions.session", "pk": "7kkhdinn7ok1crgjgx66jkpxbo93o5iu", "fields": {"session_data": ".eJxVjMsOwiAUBf-FtSFQLgVcuvcbmgsHpGpo0sfK-O_apAvdnpk5LzHwttZhW_I8jBBnocXpd4ucHrntAHdut0mmqa3zGOWuyIMu8johPy-H-3dQeanf2viuIKngFfVWB_SdM6SM80yJmJVFSNEiElBMpAxChs6wlJw2JYr3B9MlOFs:1mSqQw:2C3H12hxHKos-oNN0pK-9Kad3oE7V8CSpe_e-zykpPY", "expire_date": "2021-09-21T18:48:22.161"}}, {"model": "sessions.session", "pk": "7y8ak1fby849ozswttjmcpzcr0u5gbfn", "fields": {"session_data": ".eJxVjMsOwiAQRf-FtSHDG1y69xsIDINUDU1KuzL-uzbpQrf3nHNfLKZtbXEbtMSpsDNT7PS75YQP6jso99RvM8e5r8uU-a7wgw5-nQs9L4f7d9DSaN8alSdhCQwWUK7kqiqCcEJpUWWwlK0LRoDXWWgCD2gKSlmNweRyDZa9P9ojN5w:1mVhr6:_MK-u1RyQHmG0FQdMwbxAqFhAByMWGoILCkGhqTmRfc", "expire_date": "2021-09-29T16:15:12.037"}}, {"model": "sessions.session", "pk": "8edijxx0vz9dgahrovbecvhyifprlruu", "fields": {"session_data": ".eJxVjMsOwiAUBf-FtSFQLgVcuvcbmgsHpGpo0sfK-O_apAvdnpk5LzHwttZhW_I8jBBnocXpd4ucHrntAHdut0mmqa3zGOWuyIMu8johPy-H-3dQeanf2viuIKngFfVWB_SdM6SM80yJmJVFSNEiElBMpAxChs6wlJw2JYr3B9MlOFs:1mSWMG:sIyKr6Q8YXwQcIO16JPG-mctjHPmhxd1yQaWnVdXEeY", "expire_date": "2021-09-20T21:22:12.887"}}, {"model": "sessions.session", "pk": "8j1tlob648fmd4yjg3zc7ouxsjh5hpwv", "fields": {"session_data": ".eJxVjMsOwiAUBf-FtSFQLgVcuvcbmgsHpGpo0sfK-O_apAvdnpk5LzHwttZhW_I8jBBnocXpd4ucHrntAHdut0mmqa3zGOWuyIMu8johPy-H-3dQeanf2viuIKngFfVWB_SdM6SM80yJmJVFSNEiElBMpAxChs6wlJw2JYr3B9MlOFs:1mXvwt:kkIzO-k1ovhwU35QixdSzWryLzh3KcXbsChOekPRSSg", "expire_date": "2021-10-05T19:42:23.538"}}, {"model": "sessions.session", "pk": "9ld6f6wkn3cxbpm60c4iu34perm826jt", "fields": {"session_data": ".eJxVjMsOwiAUBf-FtSFQLgVcuvcbmgsHpGpo0sfK-O_apAvdnpk5LzHwttZhW_I8jBBnocXpd4ucHrntAHdut0mmqa3zGOWuyIMu8johPy-H-3dQeanf2viuIKngFfVWB_SdM6SM80yJmJVFSNEiElBMpAxChs6wlJw2JYr3B9MlOFs:1mSkJf:okjIDOVxRPC3geMjr3oQCXQofmYblPBoeLzd1fDslYA", "expire_date": "2021-09-21T12:16:27.487"}}, {"model": "sessions.session", "pk": "a0s49phw6ec2mqb15azthm2lb6ig8hv2", "fields": {"session_data": ".eJxVjMsOwiAQRf-FtSFAeHRcuvcbyDADUjWQlHZl_Hdt0oVu7znnvkTEba1xG3mJM4uzMOL0uyWkR2474Du2W5fU27rMSe6KPOiQ1875eTncv4OKo35rVyYoll0AG5gwKU1aOyZbFGXGDAZ8oeCDQQ0cyHLxNsCkPDoAReL9AfgVOCM:1lpCxM:2sGLaFNZmbXpRTD4ic8tmEfCMeNQSOzsQgXKa3Ph6mA", "expire_date": "2021-06-18T16:46:00.582"}}, {"model": "sessions.session", "pk": "a2i17lajq5go0jo06nuzv9gdvdj2a1hn", "fields": {"session_data": ".eJxVjMsOwiAUBf-FtSFQLgVcuvcbmgsHpGpo0sfK-O_apAvdnpk5LzHwttZhW_I8jBBnocXpd4ucHrntAHdut0mmqa3zGOWuyIMu8johPy-H-3dQeanf2viuIKngFfVWB_SdM6SM80yJmJVFSNEiElBMpAxChs6wlJw2JYr3B9MlOFs:1mUwcv:z53bafdoQv0Nvo8nKKWZ2H64PboZsphu1VF8xUJsu8I", "expire_date": "2021-09-27T13:49:25.485"}}, {"model": "sessions.session", "pk": "aierxx5prt3yspprqg13ievv0vwpozyz", "fields": {"session_data": ".eJxVjDEOwjAMRe-SGUWYpGnNyM4Zqji2SQElUtNOiLtDpQ6w_vfef5kxrkse1ybzOLE5m84cfjeK6SFlA3yP5VZtqmWZJ7KbYnfa7LWyPC-7-3eQY8vfmjQB8FFPIamEHh0zKHgKGJySV0bQ3vuICIHcwB1JEkc4eMEoksz7Awd_OQ8:1mWRmk:Hh85FWmSTPw933SYkPxA8SgtCM8ugq9JmGor3Mm123Q", "expire_date": "2021-10-01T17:17:46.467"}}, {"model": "sessions.session", "pk": "ajtvlm4yjamxe9145ifiaekfh0o37a7w", "fields": {"session_data": ".eJxVjMsOwiAUBf-FtSFQLgVcuvcbmgsHpGpo0sfK-O_apAvdnpk5LzHwttZhW_I8jBBnocXpd4ucHrntAHdut0mmqa3zGOWuyIMu8johPy-H-3dQeanf2viuIKngFfVWB_SdM6SM80yJmJVFSNEiElBMpAxChs6wlJw2JYr3B9MlOFs:1m0Vfw:MMIuL5VgJApHK6O1T3Kacvi8rYqTfdYFVD-tpXssQzk", "expire_date": "2021-07-19T13:58:44.889"}}, {"model": "sessions.session", "pk": "bb6h3e82zz06cn6ywu21tazc9ngkbsme", "fields": {"session_data": ".eJxVjMsOwiAQRf-FtSHDG1y69xsIDINUDU1KuzL-uzbpQrf3nHNfLKZtbXEbtMSpsDNT7PS75YQP6jso99RvM8e5r8uU-a7wgw5-nQs9L4f7d9DSaN8alSdhCQwWUK7kqiqCcEJpUWWwlK0LRoDXWWgCD2gKSlmNweRyDZa9P9ojN5w:1mWLVD:0zs9W639l8iqT_XZKg_7DPj9vWhGPeXw9CU0LtS5IGU", "expire_date": "2021-10-01T10:35:15.730"}}, {"model": "sessions.session", "pk": "bkp6mjh4l1nr923tjh485n7i54vqxa0y", "fields": {"session_data": ".eJxVjMsOwiAUBf-FtSFQLgVcuvcbmgsHpGpo0sfK-O_apAvdnpk5LzHwttZhW_I8jBBnocXpd4ucHrntAHdut0mmqa3zGOWuyIMu8johPy-H-3dQeanf2viuIKngFfVWB_SdM6SM80yJmJVFSNEiElBMpAxChs6wlJw2JYr3B9MlOFs:1mVGjx:K_45jjXmzp5Dv4KhpIy5aLSVWpH8t6awsseuNAFbn54", "expire_date": "2021-09-28T11:18:01.703"}}, {"model": "sessions.session", "pk": "cipgkccuuuv41shq9dliybnuhhcbd1nd", "fields": {"session_data": ".eJxVjDEOwjAMRe-SGUUOTZ3CyM4ZIrt2SAElUtNOiLtDpQ6w_vfef5lI65Lj2nSOk5iz8ebwuzGNDy0bkDuVW7VjLcs8sd0Uu9Nmr1X0edndv4NMLX_r0AfyySMxIyqAMrP4xAKsg_TBgQphYkeEwWnH4AJ7keHYYTpBMO8PFQU43w:1mZym7:Vu4oDoX-IxXJ8SDxrBasXJKL2JDxUwuSiDlzDdm_1qM", "expire_date": "2021-10-11T11:07:43.950"}}, {"model": "sessions.session", "pk": "eburjujhowdjqgoc8avzs55px6juc6d2", "fields": {"session_data": ".eJxVjMsOwiAUBf-FtSFQLgVcuvcbmgsHpGpo0sfK-O_apAvdnpk5LzHwttZhW_I8jBBnocXpd4ucHrntAHdut0mmqa3zGOWuyIMu8johPy-H-3dQeanf2viuIKngFfVWB_SdM6SM80yJmJVFSNEiElBMpAxChs6wlJw2JYr3B9MlOFs:1mW3je:asrAxJY_pYJt3bTscNZAJaj40XOfmu4zqpsBLS7SL4U", "expire_date": "2021-09-30T15:36:58.854"}}, {"model": "sessions.session", "pk": "exmj7o0qe855e903lbgs9b8gynrm3ynm", "fields": {"session_data": ".eJxVjMsOwiAUBf-FtSFQLgVcuvcbmgsHpGpo0sfK-O_apAvdnpk5LzHwttZhW_I8jBBnocXpd4ucHrntAHdut0mmqa3zGOWuyIMu8johPy-H-3dQeanf2viuIKngFfVWB_SdM6SM80yJmJVFSNEiElBMpAxChs6wlJw2JYr3B9MlOFs:1mTsvZ:loW0pHbRHWxNOAwBfySLCvg135LOQsoDcEzMxlazRI8", "expire_date": "2021-09-24T15:40:17.215"}}, {"model": "sessions.session", "pk": "fk4r7h5ouwiattqzpmli4tqbw8ct8gl2", "fields": {"session_data": ".eJxVjDEOwjAMRe-SGUUOTZ3CyM4ZIrt2SAElUtNOiLtDpQ6w_vfef5lI65Lj2nSOk5iz8ebwuzGNDy0bkDuVW7VjLcs8sd0Uu9Nmr1X0edndv4NMLX_r0AfyySMxIyqAMrP4xAKsg_TBgQphYkeEwWnH4AJ7keHYYTpBMO8PFQU43w:1mVLYh:xSjOjw3-b6JDYsLPawxPHzji3T7yMzkNQSQNZK76HpA", "expire_date": "2021-09-28T16:26:43.533"}}, {"model": "sessions.session", "pk": "gtkh7f86rhsiyl99rb2q5fh20nrw51xg", "fields": {"session_data": ".eJxVjMsOwiAUBf-FtSFQLgVcuvcbmgsHpGpo0sfK-O_apAvdnpk5LzHwttZhW_I8jBBnocXpd4ucHrntAHdut0mmqa3zGOWuyIMu8johPy-H-3dQeanf2viuIKngFfVWB_SdM6SM80yJmJVFSNEiElBMpAxChs6wlJw2JYr3B9MlOFs:1mWNiG:j-jedXmAni-uYsMZO6QP2X2hUmiAGyb8IjAt7ypd3uY", "expire_date": "2021-10-01T12:56:52.603"}}, {"model": "sessions.session", "pk": "gwnelxp0okz60t31do2pau4cu17lgogx", "fields": {"session_data": ".eJxVjMsOwiAQRf-FtSFAeHRcuvcbyDADUjWQlHZl_Hdt0oVu7znnvkTEba1xG3mJM4uzMOL0uyWkR2474Du2W5fU27rMSe6KPOiQ1875eTncv4OKo35rVyYoll0AG5gwKU1aOyZbFGXGDAZ8oeCDQQ0cyHLxNsCkPDoAReL9AfgVOCM:1llNBx:zhh_Y60jDAE8pxCyojujAH8gHSn37y1DB-8Igt5exZE", "expire_date": "2021-06-08T02:53:13.376"}}, {"model": "sessions.session", "pk": "i9tdaf0e5kom5ipdxco2gcqo0ny35g1y", "fields": {"session_data": ".eJxVjMsOwiAUBf-FtSFQLgVcuvcbmgsHpGpo0sfK-O_apAvdnpk5LzHwttZhW_I8jBBnocXpd4ucHrntAHdut0mmqa3zGOWuyIMu8johPy-H-3dQeanf2viuIKngFfVWB_SdM6SM80yJmJVFSNEiElBMpAxChs6wlJw2JYr3B9MlOFs:1mVcLM:dUQFAQpB8KZrHFJjP9NfeWX7IEcWTupWCmRAcsbBKgA", "expire_date": "2021-09-29T10:22:04.652"}}, {"model": "sessions.session", "pk": "ip0p3reht8jf6m5t4wf4d82zgbquo7pu", "fields": {"session_data": ".eJxVjMsOwiAUBf-FtSFQLgVcuvcbmgsHpGpo0sfK-O_apAvdnpk5LzHwttZhW_I8jBBnocXpd4ucHrntAHdut0mmqa3zGOWuyIMu8johPy-H-3dQeanf2viuIKngFfVWB_SdM6SM80yJmJVFSNEiElBMpAxChs6wlJw2JYr3B9MlOFs:1mW0dq:wLlUIiG_VvCLOWZv46EMOLJ-WQz1oLLsWAVrm-Jj-vA", "expire_date": "2021-09-30T12:18:46.802"}}, {"model": "sessions.session", "pk": "j41vyvb7qp20pzfsy4ph4wshp75whkjf", "fields": {"session_data": ".eJxVjMsOwiAUBf-FtSFQLgVcuvcbmgsHpGpo0sfK-O_apAvdnpk5LzHwttZhW_I8jBBnocXpd4ucHrntAHdut0mmqa3zGOWuyIMu8johPy-H-3dQeanf2viuIKngFfVWB_SdM6SM80yJmJVFSNEiElBMpAxChs6wlJw2JYr3B9MlOFs:1mT538:zeZe3voMrVEmV5_1vYh2RZZ90FCgo26n1GaYrS2P4hk", "expire_date": "2021-09-22T10:24:46.979"}}, {"model": "sessions.session", "pk": "jj6kbifu7z5leiudiaxps69yf1saql0i", "fields": {"session_data": ".eJxVjMsOwiAUBf-FtSFQLgVcuvcbmgsHpGpo0sfK-O_apAvdnpk5LzHwttZhW_I8jBBnocXpd4ucHrntAHdut0mmqa3zGOWuyIMu8johPy-H-3dQeanf2viuIKngFfVWB_SdM6SM80yJmJVFSNEiElBMpAxChs6wlJw2JYr3B9MlOFs:1mSPX1:Fhv557ZfHqSEG5qU5l1tkkgF0y6hKo_sjm9v5ec-1Ro", "expire_date": "2021-09-20T14:04:51.402"}}, {"model": "sessions.session", "pk": "lja6ab4ox34ujz8jhqdu31h3zhgtxi5o", "fields": {"session_data": ".eJxVjMsOwiAUBf-FtSFQLgVcuvcbmgsHpGpo0sfK-O_apAvdnpk5LzHwttZhW_I8jBBnocXpd4ucHrntAHdut0mmqa3zGOWuyIMu8johPy-H-3dQeanf2viuIKngFfVWB_SdM6SM80yJmJVFSNEiElBMpAxChs6wlJw2JYr3B9MlOFs:1mWMTK:hKnTtuiotrlZvLettlaf9C6wx5oTGi2WGFX-fs2j65Q", "expire_date": "2021-10-01T11:37:22.401"}}, {"model": "sessions.session", "pk": "mc7wrodavakf7b16ymid7nmu80lf2qu0", "fields": {"session_data": ".eJxVjMsOwiAUBf-FtSFQLgVcuvcbmgsHpGpo0sfK-O_apAvdnpk5LzHwttZhW_I8jBBnocXpd4ucHrntAHdut0mmqa3zGOWuyIMu8johPy-H-3dQeanf2viuIKngFfVWB_SdM6SM80yJmJVFSNEiElBMpAxChs6wlJw2JYr3B9MlOFs:1mSsvP:SS9QB1xVGJFqpQMNjutH1jvH6gvHZrLi3oADzuC1JZ8", "expire_date": "2021-09-21T21:27:59.233"}}, {"model": "sessions.session", "pk": "msaimp0pxfvcv0eezf0p5oypzswgknrt", "fields": {"session_data": ".eJxVjMsOwiAUBf-FtSFQLgVcuvcbmgsHpGpo0sfK-O_apAvdnpk5LzHwttZhW_I8jBBnocXpd4ucHrntAHdut0mmqa3zGOWuyIMu8johPy-H-3dQeanf2viuIKngFfVWB_SdM6SM80yJmJVFSNEiElBMpAxChs6wlJw2JYr3B9MlOFs:1mTCTO:-0pZt1N-T5hLYHcBYqXavL-DydT4gzdkPET5uOlEx-M", "expire_date": "2021-09-22T18:20:22.386"}}, {"model": "sessions.session", "pk": "o2zl97tq1pas99bv6ikr14vqxu94wt8h", "fields": {"session_data": ".eJxVjMsOwiAUBf-FtSFQLgVcuvcbmgsHpGpo0sfK-O_apAvdnpk5LzHwttZhW_I8jBBnocXpd4ucHrntAHdut0mmqa3zGOWuyIMu8johPy-H-3dQeanf2viuIKngFfVWB_SdM6SM80yJmJVFSNEiElBMpAxChs6wlJw2JYr3B9MlOFs:1mSmYN:1SWEddDCbyDCB5gDJLOySzb3Yra2eAbYM4jJj8CPBkg", "expire_date": "2021-09-21T14:39:47.860"}}, {"model": "sessions.session", "pk": "oa6126p7ala7abuenfpa27azoy532hom", "fields": {"session_data": ".eJxVjMsOwiAUBf-FtSFQLgVcuvcbmgsHpGpo0sfK-O_apAvdnpk5LzHwttZhW_I8jBBnocXpd4ucHrntAHdut0mmqa3zGOWuyIMu8johPy-H-3dQeanf2viuIKngFfVWB_SdM6SM80yJmJVFSNEiElBMpAxChs6wlJw2JYr3B9MlOFs:1mTXx3:7ub9_1zdFeXDYhceHHS5B8T-Bu6Fe6gSkZ3aUnfNsm8", "expire_date": "2021-09-23T17:16:25.134"}}, {"model": "sessions.session", "pk": "ofrk6wq396fvegraeaj23qusre8vbt78", "fields": {"session_data": ".eJxVjMsOwiAUBf-FtSFQLgVcuvcbmgsHpGpo0sfK-O_apAvdnpk5LzHwttZhW_I8jBBnocXpd4ucHrntAHdut0mmqa3zGOWuyIMu8johPy-H-3dQeanf2viuIKngFfVWB_SdM6SM80yJmJVFSNEiElBMpAxChs6wlJw2JYr3B9MlOFs:1mSoPh:zfzhNg70rsaF5iriSjHrJ56l98BrMJHcEtae41aoPKY", "expire_date": "2021-09-21T16:38:57.718"}}, {"model": "sessions.session", "pk": "ogj3s2317nkrnv87yf5yxc8vz4prdyy7", "fields": {"session_data": ".eJxVjMsOwiAUBf-FtSFQLgVcuvcbmgsHpGpo0sfK-O_apAvdnpk5LzHwttZhW_I8jBBnocXpd4ucHrntAHdut0mmqa3zGOWuyIMu8johPy-H-3dQeanf2viuIKngFfVWB_SdM6SM80yJmJVFSNEiElBMpAxChs6wlJw2JYr3B9MlOFs:1mUt1H:bQsjG9F8BLxSMh6_PrcO52LS2Jxi4zTj2_Kq34AQVRc", "expire_date": "2021-09-27T09:58:19.853"}}, {"model": "sessions.session", "pk": "oqlp2fnq4g5ttqim3r42h7oq1jy6u1cz", "fields": {"session_data": ".eJxVjMsOwiAUBf-FtSFQLgVcuvcbmgsHpGpo0sfK-O_apAvdnpk5LzHwttZhW_I8jBBnocXpd4ucHrntAHdut0mmqa3zGOWuyIMu8johPy-H-3dQeanf2viuIKngFfVWB_SdM6SM80yJmJVFSNEiElBMpAxChs6wlJw2JYr3B9MlOFs:1mQyFL:3o1ehruIL87ShJfXC9ta2dlwmNs38GR75GMTgujgFW8", "expire_date": "2021-09-16T14:44:39.465"}}, {"model": "sessions.session", "pk": "otiyrwpwrh32fo0pbukca8k8sgqkoaoc", "fields": {"session_data": ".eJxVjMsOwiAUBf-FtSFQLgVcuvcbmgsHpGpo0sfK-O_apAvdnpk5LzHwttZhW_I8jBBnocXpd4ucHrntAHdut0mmqa3zGOWuyIMu8johPy-H-3dQeanf2viuIKngFfVWB_SdM6SM80yJmJVFSNEiElBMpAxChs6wlJw2JYr3B9MlOFs:1mUz3e:M-KVbskjL1hOHYFR-ZuwkdqRTJNMyvvXAaAyxwM-Kso", "expire_date": "2021-09-27T16:25:10.458"}}, {"model": "sessions.session", "pk": "oueqzt1476nxhw4mnb0u01eccs73k8a2", "fields": {"session_data": ".eJxVjDEOwjAMRe-SGUWYpGnNyM4Zqji2SQElUtNOiLtDpQ6w_vfef5kxrkse1ybzOLE5m84cfjeK6SFlA3yP5VZtqmWZJ7KbYnfa7LWyPC-7-3eQY8vfmjQB8FFPIamEHh0zKHgKGJySV0bQ3vuICIHcwB1JEkc4eMEoksz7Awd_OQ8:1mXRaP:NE2PNVDTQ2LwlmeuiJZjxvtfGwa6xxpE_nVjgJue8q0", "expire_date": "2021-10-04T11:17:09.784"}}, {"model": "sessions.session", "pk": "pzf5z4c070j5y964bt5d6ulgpj18rxg8", "fields": {"session_data": ".eJxVjDEOwjAMRe-SGUWYpGnNyM4Zqji2SQElUtNOiLtDpQ6w_vfef5kxrkse1ybzOLE5m84cfjeK6SFlA3yP5VZtqmWZJ7KbYnfa7LWyPC-7-3eQY8vfmjQB8FFPIamEHh0zKHgKGJySV0bQ3vuICIHcwB1JEkc4eMEoksz7Awd_OQ8:1mYwG1:LcI-wXOQui426U1tMFhnaOtKqPgvzOeHiOsZmrPGgSs", "expire_date": "2021-10-08T14:14:17.833"}}, {"model": "sessions.session", "pk": "q7b4lwf5o32egel0uk9r1bise4sl0j7e", "fields": {"session_data": ".eJxVjMsOwiAUBf-FtSFQLgVcuvcbmgsHpGpo0sfK-O_apAvdnpk5LzHwttZhW_I8jBBnocXpd4ucHrntAHdut0mmqa3zGOWuyIMu8johPy-H-3dQeanf2viuIKngFfVWB_SdM6SM80yJmJVFSNEiElBMpAxChs6wlJw2JYr3B9MlOFs:1mTSZB:ggJHCb2ZO4zi7als-UQ_2IWmn-2AOHXTIqb_R__SQWA", "expire_date": "2021-09-23T11:31:25.576"}}, {"model": "sessions.session", "pk": "qekmiz160q22xc9pk89xo9w3ono93wo5", "fields": {"session_data": ".eJxVjMsOwiAUBf-FtSFQLgVcuvcbmgsHpGpo0sfK-O_apAvdnpk5LzHwttZhW_I8jBBnocXpd4ucHrntAHdut0mmqa3zGOWuyIMu8johPy-H-3dQeanf2viuIKngFfVWB_SdM6SM80yJmJVFSNEiElBMpAxChs6wlJw2JYr3B9MlOFs:1mTAPb:Y48D7gKPG6C4p8cChOYf1MeKUljLIEZ_LZP_Imam4VY", "expire_date": "2021-09-22T16:08:19.444"}}, {"model": "sessions.session", "pk": "ql8cs2myon7uisrfnf5hdu3ab6ppxm79", "fields": {"session_data": ".eJxVjMsOwiAUBf-FtSFQLgVcuvcbmgsHpGpo0sfK-O_apAvdnpk5LzHwttZhW_I8jBBnocXpd4ucHrntAHdut0mmqa3zGOWuyIMu8johPy-H-3dQeanf2viuIKngFfVWB_SdM6SM80yJmJVFSNEiElBMpAxChs6wlJw2JYr3B9MlOFs:1mTWzX:8T6lGCdwp-IuyOICGX2gafD5ajeYjBu9R1dk6emhAOo", "expire_date": "2021-09-23T16:14:55.803"}}, {"model": "sessions.session", "pk": "qmq33uyiddd0j9jg17r1bcowb6g6wgx0", "fields": {"session_data": ".eJxVjMsOwiAUBf-FtSFQLgVcuvcbmgsHpGpo0sfK-O_apAvdnpk5LzHwttZhW_I8jBBnocXpd4ucHrntAHdut0mmqa3zGOWuyIMu8johPy-H-3dQeanf2viuIKngFfVWB_SdM6SM80yJmJVFSNEiElBMpAxChs6wlJw2JYr3B9MlOFs:1mTQzu:pniZKZTGHjqfBClVu_zbC6aYpub2SSG4twPEo-8ug_Y", "expire_date": "2021-09-23T09:50:54.310"}}, {"model": "sessions.session", "pk": "qzap673g5r8yeampzra059bgrvhsltmx", "fields": {"session_data": ".eJxVjMsOwiAUBf-FtSFQLgVcuvcbmgsHpGpo0sfK-O_apAvdnpk5LzHwttZhW_I8jBBnocXpd4ucHrntAHdut0mmqa3zGOWuyIMu8johPy-H-3dQeanf2viuIKngFfVWB_SdM6SM80yJmJVFSNEiElBMpAxChs6wlJw2JYr3B9MlOFs:1m71OY:rJy_gKnuUoQWzgbnhkO_dEOCy2Go8WVarWrtQ2FWsIA", "expire_date": "2021-08-06T13:03:42.277"}}, {"model": "sessions.session", "pk": "rc510yph5q3mu7qhanfisnmaemm9g9hv", "fields": {"session_data": ".eJxVjMsOwiAQRf-FtSHDG1y69xsIDINUDU1KuzL-uzbpQrf3nHNfLKZtbXEbtMSpsDNT7PS75YQP6jso99RvM8e5r8uU-a7wgw5-nQs9L4f7d9DSaN8alSdhCQwWUK7kqiqCcEJpUWWwlK0LRoDXWWgCD2gKSlmNweRyDZa9P9ojN5w:1mWWmB:HrjWIp7qBqiLp-RC35ylCwYQspoRtwC2DngFY1NeLdw", "expire_date": "2021-10-01T22:37:31.982"}}, {"model": "sessions.session", "pk": "rhhlyasa69gwhzfpb4fao9m2aapb5qzi", "fields": {"session_data": ".eJxVjMsOwiAUBf-FtSFQLgVcuvcbmgsHpGpo0sfK-O_apAvdnpk5LzHwttZhW_I8jBBnocXpd4ucHrntAHdut0mmqa3zGOWuyIMu8johPy-H-3dQeanf2viuIKngFfVWB_SdM6SM80yJmJVFSNEiElBMpAxChs6wlJw2JYr3B9MlOFs:1mTVZX:eMNBJJfxrGUmDUAazLQgOtWpEfv5HhWyx2pf3NAKgsY", "expire_date": "2021-09-23T14:43:59.536"}}, {"model": "sessions.session", "pk": "rka6f4bpsiuiem7en2923pto9u58txej", "fields": {"session_data": ".eJxVjMsOwiAUBf-FtSFQLgVcuvcbmgsHpGpo0sfK-O_apAvdnpk5LzHwttZhW_I8jBBnocXpd4ucHrntAHdut0mmqa3zGOWuyIMu8johPy-H-3dQeanf2viuIKngFfVWB_SdM6SM80yJmJVFSNEiElBMpAxChs6wlJw2JYr3B9MlOFs:1mSiLX:2BQVFGKwbxNmi80cAU1rJbuh9jnYUV8mC0qv6rjHpkg", "expire_date": "2021-09-21T10:10:15.453"}}, {"model": "sessions.session", "pk": "rligtyppzxn60ad3jzo702ps2d1j94hb", "fields": {"session_data": ".eJxVjMsOwiAUBf-FtSFQLgVcuvcbmgsHpGpo0sfK-O_apAvdnpk5LzHwttZhW_I8jBBnocXpd4ucHrntAHdut0mmqa3zGOWuyIMu8johPy-H-3dQeanf2viuIKngFfVWB_SdM6SM80yJmJVFSNEiElBMpAxChs6wlJw2JYr3B9MlOFs:1mOORd:g3y6N9T7r4C4jQ0E0H12E3yIRQF7kX2V5HF1WvNyz7I", "expire_date": "2021-09-09T12:06:41.810"}}, {"model": "sessions.session", "pk": "se4gcg87lu6vqgmtugyug26z7bf3pzdh", "fields": {"session_data": ".eJxVjMsOwiAQRf-FtSHDG1y69xsIDINUDU1KuzL-uzbpQrf3nHNfLKZtbXEbtMSpsDNT7PS75YQP6jso99RvM8e5r8uU-a7wgw5-nQs9L4f7d9DSaN8alSdhCQwWUK7kqiqCcEJpUWWwlK0LRoDXWWgCD2gKSlmNweRyDZa9P9ojN5w:1mVgnw:w4vC1qeEMxJR88R1_SbrffyfrBUIExUUHnXiuuQH-uc", "expire_date": "2021-09-29T15:07:52.902"}}, {"model": "sessions.session", "pk": "sobp7g8wp7uq6nlezudmymickchtue2t", "fields": {"session_data": ".eJxVjMsOwiAUBf-FtSFQLgVcuvcbmgsHpGpo0sfK-O_apAvdnpk5LzHwttZhW_I8jBBnocXpd4ucHrntAHdut0mmqa3zGOWuyIMu8johPy-H-3dQeanf2viuIKngFfVWB_SdM6SM80yJmJVFSNEiElBMpAxChs6wlJw2JYr3B9MlOFs:1mVHkz:bEh30-oSfIHlFrF5w2Nbp9a_4v3z3dvnOruCaqhJonA", "expire_date": "2021-09-28T12:23:09.297"}}, {"model": "sessions.session", "pk": "tkvue1rfs8eqzhd5any6ap4j00198hde", "fields": {"session_data": ".eJxVjMsOwiAUBf-FtSFQLgVcuvcbmgsHpGpo0sfK-O_apAvdnpk5LzHwttZhW_I8jBBnocXpd4ucHrntAHdut0mmqa3zGOWuyIMu8johPy-H-3dQeanf2viuIKngFfVWB_SdM6SM80yJmJVFSNEiElBMpAxChs6wlJw2JYr3B9MlOFs:1mSXoI:S946qNdEZ77iqGv0fYBSLiOhcxWA34sPdhHYhPWvxVU", "expire_date": "2021-09-20T22:55:14.323"}}, {"model": "sessions.session", "pk": "tl3naexc2yx970d0s3flyqyqojb7a95n", "fields": {"session_data": ".eJxVjMsOwiAUBf-FtSFQLgVcuvcbmgsHpGpo0sfK-O_apAvdnpk5LzHwttZhW_I8jBBnocXpd4ucHrntAHdut0mmqa3zGOWuyIMu8johPy-H-3dQeanf2viuIKngFfVWB_SdM6SM80yJmJVFSNEiElBMpAxChs6wlJw2JYr3B9MlOFs:1mTBUE:uEasU3B3ydzw25Sprs_lxH0rMF2DUucl3hDsh30ESMo", "expire_date": "2021-09-22T17:17:10.505"}}, {"model": "sessions.session", "pk": "tvv3ciom3xikfbp6g4caqgpfjw9e9zyy", "fields": {"session_data": ".eJxVjMsOwiAUBf-FtSFQLgVcuvcbmgsHpGpo0sfK-O_apAvdnpk5LzHwttZhW_I8jBBnocXpd4ucHrntAHdut0mmqa3zGOWuyIMu8johPy-H-3dQeanf2viuIKngFfVWB_SdM6SM80yJmJVFSNEiElBMpAxChs6wlJw2JYr3B9MlOFs:1mTrxT:43Inc-Tl-ND79TivW8uU0MVN88C36hzEnvC_r2b_3tg", "expire_date": "2021-09-24T14:38:11.370"}}, {"model": "sessions.session", "pk": "uapavuhd5jgra5gqqx3fevhm2h28ijvq", "fields": {"session_data": ".eJxVjMsOwiAQRf-FtSHDG1y69xsIDINUDU1KuzL-uzbpQrf3nHNfLKZtbXEbtMSpsDNT7PS75YQP6jso99RvM8e5r8uU-a7wgw5-nQs9L4f7d9DSaN8alSdhCQwWUK7kqiqCcEJpUWWwlK0LRoDXWWgCD2gKSlmNweRyDZa9P9ojN5w:1mXXla:rq2cpZ40GeSQp3gMUcb4_8wm0JQAHNL0d_c7yHseo8w", "expire_date": "2021-10-04T17:53:06.724"}}, {"model": "sessions.session", "pk": "v6dj0ecrzz1h0cvmjbgw0itmieji0naf", "fields": {"session_data": ".eJxVjMsOwiAUBf-FtSFQLgVcuvcbmgsHpGpo0sfK-O_apAvdnpk5LzHwttZhW_I8jBBnocXpd4ucHrntAHdut0mmqa3zGOWuyIMu8johPy-H-3dQeanf2viuIKngFfVWB_SdM6SM80yJmJVFSNEiElBMpAxChs6wlJw2JYr3B9MlOFs:1mUvGB:k4nWt562rK91poUNZx6nJb4MwDG0cSfaZ2mPbMGoeYg", "expire_date": "2021-09-27T12:21:51.594"}}, {"model": "sessions.session", "pk": "vng90nexqgfnfp7egj4dreovo1d2ip22", "fields": {"session_data": ".eJxVjMsOwiAUBf-FtSFQLgVcuvcbmgsHpGpo0sfK-O_apAvdnpk5LzHwttZhW_I8jBBnocXpd4ucHrntAHdut0mmqa3zGOWuyIMu8johPy-H-3dQeanf2viuIKngFfVWB_SdM6SM80yJmJVFSNEiElBMpAxChs6wlJw2JYr3B9MlOFs:1mXuq2:U30_N7OGf9d8TOxDIKZPdYYcnRhily4I5nL5IGLxVtU", "expire_date": "2021-10-05T18:31:14.389"}}, {"model": "sessions.session", "pk": "wakl19hlfy2vu8ppe2ahtrnehagsjdg9", "fields": {"session_data": ".eJxVjMsOwiAUBf-FtSFQLgVcuvcbmgsHpGpo0sfK-O_apAvdnpk5LzHwttZhW_I8jBBnocXpd4ucHrntAHdut0mmqa3zGOWuyIMu8johPy-H-3dQeanf2viuIKngFfVWB_SdM6SM80yJmJVFSNEiElBMpAxChs6wlJw2JYr3B9MlOFs:1mTvFV:myMUJFuHHtptiGLvhkseUzIbFv34BMFtsC3hFutiYNM", "expire_date": "2021-09-24T18:09:01.344"}}, {"model": "sessions.session", "pk": "wcvs9x2rp535skg4o32gi0k90t4pa22l", "fields": {"session_data": ".eJxVjMsOwiAQRf-FtSHDG1y69xsIDINUDU1KuzL-uzbpQrf3nHNfLKZtbXEbtMSpsDNT7PS75YQP6jso99RvM8e5r8uU-a7wgw5-nQs9L4f7d9DSaN8alSdhCQwWUK7kqiqCcEJpUWWwlK0LRoDXWWgCD2gKSlmNweRyDZa9P9ojN5w:1mXZn1:63U8OLD4AiYES5n4K62TlaqGW0myIZ6XD2UsjqITtYc", "expire_date": "2021-10-04T20:02:43.928"}}, {"model": "sessions.session", "pk": "wlg8bcwg21822mawsjelzi2gjo4tvaao", "fields": {"session_data": ".eJxVjMsOwiAUBf-FtSFQLgVcuvcbmgsHpGpo0sfK-O_apAvdnpk5LzHwttZhW_I8jBBnocXpd4ucHrntAHdut0mmqa3zGOWuyIMu8johPy-H-3dQeanf2viuIKngFfVWB_SdM6SM80yJmJVFSNEiElBMpAxChs6wlJw2JYr3B9MlOFs:1m9ElP:syKwWg1u8dILKbOVSYjchHPC1_Ly2JolPyuwHnzSUoU", "expire_date": "2021-08-12T15:44:27.927"}}, {"model": "sessions.session", "pk": "xicnvk2e79dsc4icq84mm7bi7po11rj6", "fields": {"session_data": ".eJxVjMsOwiAUBf-FtSFQLgVcuvcbmgsHpGpo0sfK-O_apAvdnpk5LzHwttZhW_I8jBBnocXpd4ucHrntAHdut0mmqa3zGOWuyIMu8johPy-H-3dQeanf2viuIKngFfVWB_SdM6SM80yJmJVFSNEiElBMpAxChs6wlJw2JYr3B9MlOFs:1mVkHf:pT34luQ8cA35iM5pCD4WAeGl5H1ogxyuUH41IZ1KnfU", "expire_date": "2021-09-29T18:50:47.279"}}, {"model": "sessions.session", "pk": "xzonycjczh1zlckhqt9udljxtmrenpae", "fields": {"session_data": ".eJxVjMsOwiAUBf-FtSFQLgVcuvcbmgsHpGpo0sfK-O_apAvdnpk5LzHwttZhW_I8jBBnocXpd4ucHrntAHdut0mmqa3zGOWuyIMu8johPy-H-3dQeanf2viuIKngFfVWB_SdM6SM80yJmJVFSNEiElBMpAxChs6wlJw2JYr3B9MlOFs:1mXUcZ:zrHkAql_xxO6Ewf0DppUFvIOkFMYdvyWdaBLsNL1h4U", "expire_date": "2021-10-04T14:31:35.139"}}, {"model": "sessions.session", "pk": "y1yjzzkhwc0opqbq8lh800nl0dm5swo3", "fields": {"session_data": ".eJxVjMsOwiAUBf-FtSFQLgVcuvcbmgsHpGpo0sfK-O_apAvdnpk5LzHwttZhW_I8jBBnocXpd4ucHrntAHdut0mmqa3zGOWuyIMu8johPy-H-3dQeanf2viuIKngFfVWB_SdM6SM80yJmJVFSNEiElBMpAxChs6wlJw2JYr3B9MlOFs:1mPqK4:Kp0dOT8MapDeurXtdU9v4eFqVtJH6liUq2MbKqVPRvw", "expire_date": "2021-09-13T12:04:52.092"}}, {"model": "sessions.session", "pk": "ze2d7a33im6vlq60gc5xxe6p233befq7", "fields": {"session_data": ".eJxVjMsOwiAUBf-FtSFQLgVcuvcbmgsHpGpo0sfK-O_apAvdnpk5LzHwttZhW_I8jBBnocXpd4ucHrntAHdut0mmqa3zGOWuyIMu8johPy-H-3dQeanf2viuIKngFfVWB_SdM6SM80yJmJVFSNEiElBMpAxChs6wlJw2JYr3B9MlOFs:1mTToY:rgWe5VI2wG9HmesAHiiSb3xDwlq1veDsFTpsnHsqVRs", "expire_date": "2021-09-23T12:51:22.343"}}, {"model": "sessions.session", "pk": "zlgqjq3uhnsmj2sai7psebtc29oaygbs", "fields": {"session_data": ".eJxVjMsOwiAUBf-FtSFQLgVcuvcbmgsHpGpo0sfK-O_apAvdnpk5LzHwttZhW_I8jBBnocXpd4ucHrntAHdut0mmqa3zGOWuyIMu8johPy-H-3dQeanf2viuIKngFfVWB_SdM6SM80yJmJVFSNEiElBMpAxChs6wlJw2JYr3B9MlOFs:1mSRLV:6izqo7nCdRU1gI1757SrZgOCBeWXIKaV8PUZMQzQkGA", "expire_date": "2021-09-20T16:01:05.821"}}, {"model": "chat.chat", "pk": 1, "fields": {"name": "React", "last_modified": 373}}, {"model": "chat.chat", "pk": 2, "fields": {"name": "Java", "last_modified": 417}}, {"model": "chat.chat", "pk": 3, "fields": {"name": "Ruby", "last_modified": null}}, {"model": "chat.chat", "pk": 4, "fields": {"name": "Go", "last_modified": null}}, {"model": "chat.chat", "pk": 5, "fields": {"name": "Rust", "last_modified": null}}, {"model": "chat.chat", "pk": 6, "fields": {"name": "Haskell", "last_modified": null}}, {"model": "chat.chat", "pk": 7, "fields": {"name": "Perl", "last_modified": null}}, {"model": "chat.chat", "pk": 8, "fields": {"name": "JavaScript", "last_modified": null}}, {"model": "chat.chat", "pk": 9, "fields": {"name": "TypeScript", "last_modified": 463}}, {"model": "chat.chat", "pk": 10, "fields": {"name": "Python", "last_modified": 333}}, {"model": "chat.chat", "pk": 11, "fields": {"name": "Rails", "last_modified": 353}}, {"model": "chat.chat", "pk": 12, "fields": {"name": "SQL", "last_modified": 382}}, {"model": "chat.chat", "pk": 13, "fields": {"name": "C++", "last_modified": 349}}, {"model": "chat.chat", "pk": 14, "fields": {"name": "Vue", "last_modified": 340}}, {"model": "chat.chat", "pk": 15, "fields": {"name": "Dogs", "last_modified": 354}}, {"model": "chat.chat", "pk": 16, "fields": {"name": "Cats", "last_modified": 366}}, {"model": "chat.chat", "pk": 17, "fields": {"name": "Lakers", "last_modified": 371}}, {"model": "chat.chat", "pk": 18, "fields": {"name": "Dodgers", "last_modified": 438}}, {"model": "chat.chat", "pk": 19, "fields": {"name": "Swift", "last_modified": 378}}, {"model": "chat.chat", "pk": 20, "fields": {"name": "Haskell", "last_modified": 374}}, {"model": "chat.chat", "pk": 21, "fields": {"name": "Rams", "last_modified": 384}}, {"model": "chat.chat", "pk": 22, "fields": {"name": "Chargers", "last_modified": 376}}, {"model": "chat.chat", "pk": 23, "fields": {"name": "Padres", "last_modified": 389}}, {"model": "chat.chat", "pk": 24, "fields": {"name": "Elephants", "last_modified": 385}}, {"model": "chat.chat", "pk": 25, "fields": {"name": "Giraffes", "last_modified": 390}}, {"model": "chat.chat", "pk": 26, "fields": {"name": "Baseball", "last_modified": 375}}, {"model": "chat.chat", "pk": 27, "fields": {"name": "Clippers", "last_modified": 391}}, {"model": "chat.chat", "pk": 28, "fields": {"name": "Ravens", "last_modified": 387}}, {"model": "chat.chat", "pk": 29, "fields": {"name": "Giants", "last_modified": 394}}, {"model": "chat.chat", "pk": 30, "fields": {"name": "Breaking Bad", "last_modified": 436}}, {"model": "chat.chat", "pk": 31, "fields": {"name": "Nets", "last_modified": 393}}, {"model": "chat.chat", "pk": 32, "fields": {"name": "Books", "last_modified": 395}}, {"model": "chat.chat", "pk": 33, "fields": {"name": "Xcode", "last_modified": 380}}, {"model": "chat.chat", "pk": 34, "fields": {"name": "Beer", "last_modified": 379}}, {"model": "chat.chat", "pk": 35, "fields": {"name": "Wine", "last_modified": 359}}, {"model": "chat.chat", "pk": 36, "fields": {"name": "Pizza", "last_modified": 362}}, {"model": "chat.chat", "pk": 37, "fields": {"name": "Bears", "last_modified": 368}}, {"model": "chat.chat", "pk": 38, "fields": {"name": "Pasadena", "last_modified": 365}}, {"model": "chat.chat", "pk": 40, "fields": {"name": "Playoffs", "last_modified": 367}}, {"model": "chat.chat", "pk": 41, "fields": {"name": "C#", "last_modified": 402}}, {"model": "chat.chat", "pk": 42, "fields": {"name": "NFL", "last_modified": 369}}, {"model": "chat.chat", "pk": 43, "fields": {"name": "Die Hard", "last_modified": 377}}, {"model": "chat.chat", "pk": 44, "fields": {"name": "Taco Bell", "last_modified": 401}}, {"model": "chat.chat", "pk": 45, "fields": {"name": "Foosball", "last_modified": 398}}, {"model": "chat.chat", "pk": 46, "fields": {"name": "Cardinals", "last_modified": 407}}, {"model": "chat.chat", "pk": 47, "fields": {"name": "%2324", "last_modified": 405}}, {"model": "chat.chat", "pk": 48, "fields": {"name": "%2332", "last_modified": 410}}, {"model": "chat.chat", "pk": 49, "fields": {"name": "Dinosaurs", "last_modified": 515}}, {"model": "chat.chat", "pk": 50, "fields": {"name": "Almonds", "last_modified": 416}}, {"model": "chat.chat", "pk": 51, "fields": {"name": "Muncy", "last_modified": 424}}, {"model": "chat.chat", "pk": 52, "fields": {"name": "Condo", "last_modified": 440}}, {"model": "chat.chat", "pk": 53, "fields": {"name": "GitHub", "last_modified": 432}}, {"model": "chat.chat", "pk": 54, "fields": {"name": "Ruby", "last_modified": 435}}, {"model": "chat.chat", "pk": 55, "fields": {"name": "iPhone", "last_modified": 445}}, {"model": "chat.chat", "pk": 57, "fields": {"name": "Piano", "last_modified": 450}}, {"model": "chat.chat", "pk": 58, "fields": {"name": "Space%20Boy", "last_modified": 446}}, {"model": "chat.chat", "pk": 60, "fields": {"name": "Guitar", "last_modified": 469}}, {"model": "chat.chat", "pk": 61, "fields": {"name": "Seinfeld", "last_modified": 451}}, {"model": "chat.chat", "pk": 64, "fields": {"name": "Summer", "last_modified": 467}}, {"model": "chat.chat", "pk": 65, "fields": {"name": "Winter", "last_modified": 481}}, {"model": "chat.chat", "pk": 66, "fields": {"name": "Wild%20Card", "last_modified": 453}}, {"model": "chat.chat", "pk": 67, "fields": {"name": "MLB%20Playoffs", "last_modified": 458}}, {"model": "chat.chat", "pk": 68, "fields": {"name": "Seager", "last_modified": 461}}, {"model": "chat.chat", "pk": 69, "fields": {"name": "Kershaw", "last_modified": 468}}, {"model": "chat.chat", "pk": 70, "fields": {"name": "Augustine", "last_modified": 526}}, {"model": "chat.chat", "pk": 71, "fields": {"name": "Scherzer", "last_modified": 471}}, {"model": "chat.chat", "pk": 73, "fields": {"name": "Android", "last_modified": 483}}, {"model": "chat.chat", "pk": 74, "fields": {"name": "Yankees", "last_modified": 486}}, {"model": "chat.chat", "pk": 75, "fields": {"name": "Bellinger", "last_modified": 491}}, {"model": "chat.chat", "pk": 76, "fields": {"name": "Chris%20Taylor", "last_modified": 496}}, {"model": "chat.chat", "pk": 77, "fields": {"name": "NLDS", "last_modified": 502}}, {"model": "chat.chat", "pk": 78, "fields": {"name": "Mookie%20Betts", "last_modified": 505}}, {"model": "chat.chat", "pk": 80, "fields": {"name": "Anselm", "last_modified": 520}}, {"model": "chat.chat", "pk": 81, "fields": {"name": "Coco", "last_modified": 512}}, {"model": "chat.chat", "pk": 82, "fields": {"name": "Gargoyle", "last_modified": 513}}, {"model": "chat.chat", "pk": 84, "fields": {"name": "Top%20Gun", "last_modified": 522}}, {"model": "chat.chat", "pk": 85, "fields": {"name": "Tom%20Cruise", "last_modified": 521}}, {"model": "chat.chat", "pk": 86, "fields": {"name": "California", "last_modified": 518}}, {"model": "chat.chat", "pk": 87, "fields": {"name": "Tertullian", "last_modified": 525}}, {"model": "chat.chat", "pk": 88, "fields": {"name": "Origen", "last_modified": 527}}, {"model": "chat.participant", "pk": 1, "fields": {"name": 1, "chat": 1}}, {"model": "chat.participant", "pk": 2, "fields": {"name": 3, "chat": 1}}, {"model": "chat.participant", "pk": 3, "fields": {"name": 3, "chat": 2}}, {"model": "chat.participant", "pk": 4, "fields": {"name": 4, "chat": 2}}, {"model": "chat.participant", "pk": 5, "fields": {"name": 4, "chat": 9}}, {"model": "chat.participant", "pk": 6, "fields": {"name": 1, "chat": 10}}, {"model": "chat.participant", "pk": 7, "fields": {"name": 4, "chat": 10}}, {"model": "chat.participant", "pk": 8, "fields": {"name": 1, "chat": 11}}, {"model": "chat.participant", "pk": 9, "fields": {"name": 3, "chat": 11}}, {"model": "chat.participant", "pk": 10, "fields": {"name": 4, "chat": 11}}, {"model": "chat.participant", "pk": 11, "fields": {"name": 4, "chat": 12}}, {"model": "chat.participant", "pk": 12, "fields": {"name": 3, "chat": 12}}, {"model": "chat.participant", "pk": 13, "fields": {"name": 3, "chat": 13}}, {"model": "chat.participant", "pk": 14, "fields": {"name": 1, "chat": 13}}, {"model": "chat.participant", "pk": 15, "fields": {"name": 4, "chat": 14}}, {"model": "chat.participant", "pk": 16, "fields": {"name": 1, "chat": 14}}, {"model": "chat.participant", "pk": 17, "fields": {"name": 3, "chat": 15}}, {"model": "chat.participant", "pk": 19, "fields": {"name": 1, "chat": 15}}, {"model": "chat.participant", "pk": 20, "fields": {"name": 4, "chat": 16}}, {"model": "chat.participant", "pk": 21, "fields": {"name": 1, "chat": 16}}, {"model": "chat.participant", "pk": 22, "fields": {"name": 1, "chat": 17}}, {"model": "chat.participant", "pk": 23, "fields": {"name": 3, "chat": 17}}, {"model": "chat.participant", "pk": 24, "fields": {"name": 1, "chat": 18}}, {"model": "chat.participant", "pk": 25, "fields": {"name": 1, "chat": 19}}, {"model": "chat.participant", "pk": 26, "fields": {"name": 1, "chat": 20}}, {"model": "chat.participant", "pk": 27, "fields": {"name": 1, "chat": 21}}, {"model": "chat.participant", "pk": 28, "fields": {"name": 1, "chat": 22}}, {"model": "chat.participant", "pk": 29, "fields": {"name": 1, "chat": 23}}, {"model": "chat.participant", "pk": 30, "fields": {"name": 1, "chat": 24}}, {"model": "chat.participant", "pk": 31, "fields": {"name": 4, "chat": 24}}, {"model": "chat.participant", "pk": 32, "fields": {"name": 3, "chat": 25}}, {"model": "chat.participant", "pk": 33, "fields": {"name": 4, "chat": 25}}, {"model": "chat.participant", "pk": 35, "fields": {"name": 3, "chat": 26}}, {"model": "chat.participant", "pk": 36, "fields": {"name": 1, "chat": 26}}, {"model": "chat.participant", "pk": 37, "fields": {"name": 1, "chat": 27}}, {"model": "chat.participant", "pk": 38, "fields": {"name": 1, "chat": 28}}, {"model": "chat.participant", "pk": 39, "fields": {"name": 4, "chat": 29}}, {"model": "chat.participant", "pk": 40, "fields": {"name": 3, "chat": 29}}, {"model": "chat.participant", "pk": 41, "fields": {"name": 1, "chat": 29}}, {"model": "chat.participant", "pk": 42, "fields": {"name": 3, "chat": 30}}, {"model": "chat.participant", "pk": 43, "fields": {"name": 1, "chat": 30}}, {"model": "chat.participant", "pk": 44, "fields": {"name": 1, "chat": 31}}, {"model": "chat.participant", "pk": 45, "fields": {"name": 3, "chat": 31}}, {"model": "chat.participant", "pk": 46, "fields": {"name": 3, "chat": 18}}, {"model": "chat.participant", "pk": 47, "fields": {"name": 4, "chat": 20}}, {"model": "chat.participant", "pk": 48, "fields": {"name": 3, "chat": 20}}, {"model": "chat.participant", "pk": 49, "fields": {"name": 3, "chat": 21}}, {"model": "chat.participant", "pk": 50, "fields": {"name": 4, "chat": 32}}, {"model": "chat.participant", "pk": 51, "fields": {"name": 1, "chat": 32}}, {"model": "chat.participant", "pk": 52, "fields": {"name": 4, "chat": 33}}, {"model": "chat.participant", "pk": 53, "fields": {"name": 3, "chat": 33}}, {"model": "chat.participant", "pk": 54, "fields": {"name": 3, "chat": 34}}, {"model": "chat.participant", "pk": 55, "fields": {"name": 1, "chat": 34}}, {"model": "chat.participant", "pk": 56, "fields": {"name": 5, "chat": 15}}, {"model": "chat.participant", "pk": 57, "fields": {"name": 5, "chat": 35}}, {"model": "chat.participant", "pk": 58, "fields": {"name": 4, "chat": 35}}, {"model": "chat.participant", "pk": 59, "fields": {"name": 1, "chat": 35}}, {"model": "chat.participant", "pk": 60, "fields": {"name": 5, "chat": 36}}, {"model": "chat.participant", "pk": 61, "fields": {"name": 3, "chat": 36}}, {"model": "chat.participant", "pk": 62, "fields": {"name": 4, "chat": 37}}, {"model": "chat.participant", "pk": 63, "fields": {"name": 5, "chat": 37}}, {"model": "chat.participant", "pk": 64, "fields": {"name": 3, "chat": 38}}, {"model": "chat.participant", "pk": 65, "fields": {"name": 5, "chat": 38}}, {"model": "chat.participant", "pk": 66, "fields": {"name": 5, "chat": 16}}, {"model": "chat.participant", "pk": 69, "fields": {"name": 5, "chat": 40}}, {"model": "chat.participant", "pk": 70, "fields": {"name": 1, "chat": 40}}, {"model": "chat.participant", "pk": 71, "fields": {"name": 4, "chat": 41}}, {"model": "chat.participant", "pk": 72, "fields": {"name": 5, "chat": 41}}, {"model": "chat.participant", "pk": 73, "fields": {"name": 4, "chat": 42}}, {"model": "chat.participant", "pk": 74, "fields": {"name": 5, "chat": 42}}, {"model": "chat.participant", "pk": 75, "fields": {"name": 5, "chat": 18}}, {"model": "chat.participant", "pk": 76, "fields": {"name": 5, "chat": 26}}, {"model": "chat.participant", "pk": 77, "fields": {"name": 1, "chat": 43}}, {"model": "chat.participant", "pk": 78, "fields": {"name": 5, "chat": 43}}, {"model": "chat.participant", "pk": 79, "fields": {"name": 4, "chat": 19}}, {"model": "chat.participant", "pk": 80, "fields": {"name": 3, "chat": 44}}, {"model": "chat.participant", "pk": 81, "fields": {"name": 5, "chat": 44}}, {"model": "chat.participant", "pk": 82, "fields": {"name": 5, "chat": 24}}, {"model": "chat.participant", "pk": 83, "fields": {"name": 4, "chat": 28}}, {"model": "chat.participant", "pk": 84, "fields": {"name": 5, "chat": 23}}, {"model": "chat.participant", "pk": 85, "fields": {"name": 5, "chat": 27}}, {"model": "chat.participant", "pk": 86, "fields": {"name": 4, "chat": 30}}, {"model": "chat.participant", "pk": 87, "fields": {"name": 1, "chat": 45}}, {"model": "chat.participant", "pk": 88, "fields": {"name": 5, "chat": 45}}, {"model": "chat.participant", "pk": 89, "fields": {"name": 4, "chat": 45}}, {"model": "chat.participant", "pk": 90, "fields": {"name": 5, "chat": 46}}, {"model": "chat.participant", "pk": 91, "fields": {"name": 1, "chat": 46}}, {"model": "chat.participant", "pk": 92, "fields": {"name": 4, "chat": 44}}, {"model": "chat.participant", "pk": 93, "fields": {"name": 5, "chat": 47}}, {"model": "chat.participant", "pk": 94, "fields": {"name": 5, "chat": 47}}, {"model": "chat.participant", "pk": 95, "fields": {"name": 3, "chat": 48}}, {"model": "chat.participant", "pk": 96, "fields": {"name": 5, "chat": 48}}, {"model": "chat.participant", "pk": 97, "fields": {"name": 3, "chat": 47}}, {"model": "chat.participant", "pk": 98, "fields": {"name": 5, "chat": 46}}, {"model": "chat.participant", "pk": 99, "fields": {"name": 4, "chat": 48}}, {"model": "chat.participant", "pk": 100, "fields": {"name": 4, "chat": 49}}, {"model": "chat.participant", "pk": 101, "fields": {"name": 5, "chat": 49}}, {"model": "chat.participant", "pk": 103, "fields": {"name": 3, "chat": 50}}, {"model": "chat.participant", "pk": 104, "fields": {"name": 5, "chat": 50}}, {"model": "chat.participant", "pk": 105, "fields": {"name": 3, "chat": 49}}, {"model": "chat.participant", "pk": 106, "fields": {"name": 1, "chat": 51}}, {"model": "chat.participant", "pk": 107, "fields": {"name": 5, "chat": 51}}, {"model": "chat.participant", "pk": 108, "fields": {"name": 3, "chat": 51}}, {"model": "chat.participant", "pk": 109, "fields": {"name": 5, "chat": 52}}, {"model": "chat.participant", "pk": 110, "fields": {"name": 1, "chat": 52}}, {"model": "chat.participant", "pk": 111, "fields": {"name": 3, "chat": 32}}, {"model": "chat.participant", "pk": 112, "fields": {"name": 5, "chat": 53}}, {"model": "chat.participant", "pk": 113, "fields": {"name": 3, "chat": 53}}, {"model": "chat.participant", "pk": 114, "fields": {"name": 4, "chat": 54}}, {"model": "chat.participant", "pk": 115, "fields": {"name": 5, "chat": 54}}, {"model": "chat.participant", "pk": 116, "fields": {"name": 3, "chat": 54}}, {"model": "chat.participant", "pk": 117, "fields": {"name": 4, "chat": 53}}, {"model": "chat.participant", "pk": 118, "fields": {"name": 4, "chat": 18}}, {"model": "chat.participant", "pk": 120, "fields": {"name": 1, "chat": 55}}, {"model": "chat.participant", "pk": 122, "fields": {"name": 5, "chat": 55}}, {"model": "chat.participant", "pk": 127, "fields": {"name": 4, "chat": 55}}, {"model": "chat.participant", "pk": 128, "fields": {"name": 1, "chat": 57}}, {"model": "chat.participant", "pk": 129, "fields": {"name": 4, "chat": 57}}, {"model": "chat.participant", "pk": 130, "fields": {"name": 4, "chat": 58}}, {"model": "chat.participant", "pk": 131, "fields": {"name": 3, "chat": 58}}, {"model": "chat.participant", "pk": 133, "fields": {"name": 3, "chat": 57}}, {"model": "chat.participant", "pk": 136, "fields": {"name": 4, "chat": 60}}, {"model": "chat.participant", "pk": 137, "fields": {"name": 4, "chat": 61}}, {"model": "chat.participant", "pk": 140, "fields": {"name": 4, "chat": 64}}, {"model": "chat.participant", "pk": 141, "fields": {"name": 4, "chat": 65}}, {"model": "chat.participant", "pk": 142, "fields": {"name": 5, "chat": 61}}, {"model": "chat.participant", "pk": 143, "fields": {"name": 5, "chat": 66}}, {"model": "chat.participant", "pk": 144, "fields": {"name": 3, "chat": 66}}, {"model": "chat.participant", "pk": 146, "fields": {"name": 3, "chat": 67}}, {"model": "chat.participant", "pk": 147, "fields": {"name": 3, "chat": 68}}, {"model": "chat.participant", "pk": 148, "fields": {"name": 5, "chat": 68}}, {"model": "chat.participant", "pk": 149, "fields": {"name": 4, "chat": 68}}, {"model": "chat.participant", "pk": 150, "fields": {"name": 1, "chat": 67}}, {"model": "chat.participant", "pk": 151, "fields": {"name": 3, "chat": 69}}, {"model": "chat.participant", "pk": 152, "fields": {"name": 4, "chat": 69}}, {"model": "chat.participant", "pk": 153, "fields": {"name": 3, "chat": 9}}, {"model": "chat.participant", "pk": 154, "fields": {"name": 5, "chat": 70}}, {"model": "chat.participant", "pk": 155, "fields": {"name": 1, "chat": 70}}, {"model": "chat.participant", "pk": 156, "fields": {"name": 4, "chat": 70}}, {"model": "chat.participant", "pk": 158, "fields": {"name": 5, "chat": 64}}, {"model": "chat.participant", "pk": 159, "fields": {"name": 3, "chat": 71}}, {"model": "chat.participant", "pk": 160, "fields": {"name": 5, "chat": 71}}, {"model": "chat.participant", "pk": 161, "fields": {"name": 4, "chat": 71}}, {"model": "chat.participant", "pk": 162, "fields": {"name": 5, "chat": 60}}, {"model": "chat.participant", "pk": 165, "fields": {"name": 3, "chat": 65}}, {"model": "chat.participant", "pk": 166, "fields": {"name": 5, "chat": 65}}, {"model": "chat.participant", "pk": 167, "fields": {"name": 5, "chat": 73}}, {"model": "chat.participant", "pk": 168, "fields": {"name": 4, "chat": 73}}, {"model": "chat.participant", "pk": 169, "fields": {"name": 3, "chat": 73}}, {"model": "chat.participant", "pk": 171, "fields": {"name": 3, "chat": 74}}, {"model": "chat.participant", "pk": 172, "fields": {"name": 5, "chat": 74}}, {"model": "chat.participant", "pk": 174, "fields": {"name": 3, "chat": 75}}, {"model": "chat.participant", "pk": 175, "fields": {"name": 4, "chat": 75}}, {"model": "chat.participant", "pk": 176, "fields": {"name": 5, "chat": 75}}, {"model": "chat.participant", "pk": 177, "fields": {"name": 5, "chat": 76}}, {"model": "chat.participant", "pk": 178, "fields": {"name": 4, "chat": 76}}, {"model": "chat.participant", "pk": 179, "fields": {"name": 3, "chat": 76}}, {"model": "chat.participant", "pk": 180, "fields": {"name": 1, "chat": 76}}, {"model": "chat.participant", "pk": 181, "fields": {"name": 3, "chat": 70}}, {"model": "chat.participant", "pk": 182, "fields": {"name": 3, "chat": 77}}, {"model": "chat.participant", "pk": 183, "fields": {"name": 1, "chat": 77}}, {"model": "chat.participant", "pk": 184, "fields": {"name": 5, "chat": 77}}, {"model": "chat.participant", "pk": 185, "fields": {"name": 5, "chat": 78}}, {"model": "chat.participant", "pk": 186, "fields": {"name": 4, "chat": 78}}, {"model": "chat.participant", "pk": 187, "fields": {"name": 4, "chat": 77}}, {"model": "chat.participant", "pk": 189, "fields": {"name": 3, "chat": 78}}, {"model": "chat.participant", "pk": 190, "fields": {"name": 3, "chat": 80}}, {"model": "chat.participant", "pk": 191, "fields": {"name": 1, "chat": 80}}, {"model": "chat.participant", "pk": 192, "fields": {"name": 3, "chat": 81}}, {"model": "chat.participant", "pk": 193, "fields": {"name": 4, "chat": 81}}, {"model": "chat.participant", "pk": 194, "fields": {"name": 5, "chat": 81}}, {"model": "chat.participant", "pk": 195, "fields": {"name": 5, "chat": 80}}, {"model": "chat.participant", "pk": 196, "fields": {"name": 5, "chat": 82}}, {"model": "chat.participant", "pk": 197, "fields": {"name": 6, "chat": 82}}, {"model": "chat.participant", "pk": 200, "fields": {"name": 9, "chat": 84}}, {"model": "chat.participant", "pk": 201, "fields": {"name": 5, "chat": 84}}, {"model": "chat.participant", "pk": 202, "fields": {"name": 3, "chat": 85}}, {"model": "chat.participant", "pk": 203, "fields": {"name": 5, "chat": 85}}, {"model": "chat.participant", "pk": 204, "fields": {"name": 3, "chat": 86}}, {"model": "chat.participant", "pk": 205, "fields": {"name": 9, "chat": 86}}, {"model": "chat.participant", "pk": 206, "fields": {"name": 4, "chat": 86}}, {"model": "chat.participant", "pk": 207, "fields": {"name": 9, "chat": 87}}, {"model": "chat.participant", "pk": 208, "fields": {"name": 5, "chat": 87}}, {"model": "chat.participant", "pk": 209, "fields": {"name": 7, "chat": 88}}, {"model": "chat.participant", "pk": 210, "fields": {"name": 1, "chat": 88}}, {"model": "chat.participant", "pk": 211, "fields": {"name": 5, "chat": 88}}, {"model": "chat.message", "pk": 32, "fields": {"author": 1, "timestamp": "2021-07-20T10:41:33.544", "content": "Hello", "chat": 1}}, {"model": "chat.message", "pk": 33, "fields": {"author": 1, "timestamp": "2021-07-20T10:41:39.616", "content": "What?", "chat": 1}}, {"model": "chat.message", "pk": 34, "fields": {"author": 1, "timestamp": "2021-07-20T10:42:18.806", "content": "Hello, world", "chat": 1}}, {"model": "chat.message", "pk": 35, "fields": {"author": 1, "timestamp": "2021-07-20T10:43:11.656", "content": "When?", "chat": 1}}, {"model": "chat.message", "pk": 36, "fields": {"author": 1, "timestamp": "2021-07-20T11:06:38.885", "content": "How?", "chat": 1}}, {"model": "chat.message", "pk": 37, "fields": {"author": 1, "timestamp": "2021-07-20T11:31:28.153", "content": "What", "chat": 1}}, {"model": "chat.message", "pk": 38, "fields": {"author": 1, "timestamp": "2021-07-20T12:31:44.131", "content": "Hello", "chat": 1}}, {"model": "chat.message", "pk": 39, "fields": {"author": 1, "timestamp": "2021-07-20T12:43:31.729", "content": "What?", "chat": 1}}, {"model": "chat.message", "pk": 40, "fields": {"author": 1, "timestamp": "2021-07-20T12:46:38.378", "content": "How", "chat": 1}}, {"model": "chat.message", "pk": 41, "fields": {"author": 1, "timestamp": "2021-07-20T13:02:22.969", "content": "Hello", "chat": 1}}, {"model": "chat.message", "pk": 42, "fields": {"author": 1, "timestamp": "2021-07-20T15:48:03.849", "content": "What", "chat": 1}}, {"model": "chat.message", "pk": 43, "fields": {"author": 1, "timestamp": "2021-07-22T11:44:36.521", "content": "Hello, world", "chat": 1}}, {"model": "chat.message", "pk": 44, "fields": {"author": 1, "timestamp": "2021-07-22T13:28:08.181", "content": "What?", "chat": 1}}, {"model": "chat.message", "pk": 45, "fields": {"author": 1, "timestamp": "2021-07-22T13:30:50.989", "content": "But", "chat": 1}}, {"model": "chat.message", "pk": 46, "fields": {"author": 1, "timestamp": "2021-07-22T13:34:19.896", "content": "How?", "chat": 1}}, {"model": "chat.message", "pk": 47, "fields": {"author": 1, "timestamp": "2021-07-22T14:34:14.649", "content": "Hello, world", "chat": 1}}, {"model": "chat.message", "pk": 48, "fields": {"author": 1, "timestamp": "2021-07-22T14:49:07.903", "content": "When", "chat": 1}}, {"model": "chat.message", "pk": 49, "fields": {"author": 1, "timestamp": "2021-07-22T15:04:38.161", "content": "But", "chat": 1}}, {"model": "chat.message", "pk": 50, "fields": {"author": 1, "timestamp": "2021-07-22T15:29:48.865", "content": "What?", "chat": 1}}, {"model": "chat.message", "pk": 51, "fields": {"author": 1, "timestamp": "2021-07-23T11:32:03.554", "content": "How?", "chat": 1}}, {"model": "chat.message", "pk": 52, "fields": {"author": 1, "timestamp": "2021-07-23T11:34:57.987", "content": "Hello", "chat": 1}}, {"model": "chat.message", "pk": 53, "fields": {"author": 1, "timestamp": "2021-07-23T11:55:09.894", "content": "When?", "chat": 1}}, {"model": "chat.message", "pk": 54, "fields": {"author": 1, "timestamp": "2021-07-23T13:03:54.271", "content": "Hello, world", "chat": 1}}, {"model": "chat.message", "pk": 55, "fields": {"author": 1, "timestamp": "2021-07-29T15:44:39.965", "content": "What?", "chat": 1}}, {"model": "chat.message", "pk": 56, "fields": {"author": 1, "timestamp": "2021-09-06T16:54:36.593", "content": "How", "chat": 1}}, {"model": "chat.message", "pk": 57, "fields": {"author": 1, "timestamp": "2021-09-06T16:55:15.138", "content": "What?", "chat": 1}}, {"model": "chat.message", "pk": 58, "fields": {"author": 1, "timestamp": "2021-09-09T10:52:12.522", "content": "What's that?", "chat": 1}}, {"model": "chat.message", "pk": 59, "fields": {"author": 1, "timestamp": "2021-09-09T11:06:47.077", "content": "Hello, world", "chat": 1}}, {"model": "chat.message", "pk": 60, "fields": {"author": 1, "timestamp": "2021-09-09T13:05:34.337", "content": "Hello", "chat": 1}}, {"model": "chat.message", "pk": 61, "fields": {"author": 1, "timestamp": "2021-09-09T14:49:57.942", "content": "How are you", "chat": 1}}, {"model": "chat.message", "pk": 62, "fields": {"author": 1, "timestamp": "2021-09-11T13:15:47.067", "content": "hello", "chat": 1}}, {"model": "chat.message", "pk": 63, "fields": {"author": 1, "timestamp": "2021-09-11T13:15:50.367", "content": "suhhh", "chat": 1}}, {"model": "chat.message", "pk": 64, "fields": {"author": 1, "timestamp": "2021-09-12T21:43:35.218", "content": "whaa", "chat": 1}}, {"model": "chat.message", "pk": 65, "fields": {"author": 1, "timestamp": "2021-09-13T10:23:02.206", "content": "heyyy", "chat": 1}}, {"model": "chat.message", "pk": 66, "fields": {"author": 1, "timestamp": "2021-09-13T11:04:58.712", "content": "suup", "chat": 1}}, {"model": "chat.message", "pk": 67, "fields": {"author": 1, "timestamp": "2021-09-13T13:05:37.557", "content": "whoo", "chat": 1}}, {"model": "chat.message", "pk": 68, "fields": {"author": 1, "timestamp": "2021-09-16T13:44:47.024", "content": "what", "chat": 1}}, {"model": "chat.message", "pk": 69, "fields": {"author": 1, "timestamp": "2021-09-16T16:30:01.557", "content": "how", "chat": 1}}, {"model": "chat.message", "pk": 70, "fields": {"author": 1, "timestamp": "2021-09-16T16:38:51.667", "content": "why", "chat": 1}}, {"model": "chat.message", "pk": 71, "fields": {"author": 1, "timestamp": "2021-09-16T17:02:36.021", "content": "when", "chat": 1}}, {"model": "chat.message", "pk": 72, "fields": {"author": 1, "timestamp": "2021-09-16T17:04:20.390", "content": "what was that", "chat": 1}}, {"model": "chat.message", "pk": 73, "fields": {"author": 1, "timestamp": "2021-09-16T17:08:12.041", "content": "how", "chat": 1}}, {"model": "chat.message", "pk": 74, "fields": {"author": 1, "timestamp": "2021-09-16T17:08:48.532", "content": "lol", "chat": 1}}, {"model": "chat.message", "pk": 75, "fields": {"author": 1, "timestamp": "2021-09-16T17:11:40.579", "content": "who", "chat": 1}}, {"model": "chat.message", "pk": 76, "fields": {"author": 1, "timestamp": "2021-09-16T17:30:03.809", "content": "when", "chat": 1}}, {"model": "chat.message", "pk": 77, "fields": {"author": 1, "timestamp": "2021-09-16T17:31:01.817", "content": "lol", "chat": 1}}, {"model": "chat.message", "pk": 78, "fields": {"author": 1, "timestamp": "2021-09-16T17:32:09.828", "content": "how", "chat": 1}}, {"model": "chat.message", "pk": 79, "fields": {"author": 1, "timestamp": "2021-09-16T17:38:29.877", "content": "what", "chat": 1}}, {"model": "chat.message", "pk": 80, "fields": {"author": 1, "timestamp": "2021-09-16T21:22:08.412", "content": "yup", "chat": 1}}, {"model": "chat.message", "pk": 81, "fields": {"author": 1, "timestamp": "2021-09-17T08:19:43.960", "content": "when", "chat": 1}}, {"model": "chat.message", "pk": 82, "fields": {"author": 1, "timestamp": "2021-09-17T08:41:27.383", "content": "lol", "chat": 1}}, {"model": "chat.message", "pk": 83, "fields": {"author": 1, "timestamp": "2021-09-17T08:43:40.393", "content": "who", "chat": 1}}, {"model": "chat.message", "pk": 84, "fields": {"author": 1, "timestamp": "2021-09-17T09:08:30.280", "content": "what", "chat": 1}}, {"model": "chat.message", "pk": 85, "fields": {"author": 1, "timestamp": "2021-09-17T09:09:08.815", "content": "lol", "chat": 1}}, {"model": "chat.message", "pk": 86, "fields": {"author": 1, "timestamp": "2021-09-17T09:16:34.836", "content": "how", "chat": 1}}, {"model": "chat.message", "pk": 87, "fields": {"author": 1, "timestamp": "2021-09-17T09:31:49.419", "content": "who", "chat": 1}}, {"model": "chat.message", "pk": 88, "fields": {"author": 1, "timestamp": "2021-09-17T09:34:14.026", "content": "lol", "chat": 1}}, {"model": "chat.message", "pk": 89, "fields": {"author": 1, "timestamp": "2021-09-17T09:52:00.592", "content": "when", "chat": 1}}, {"model": "chat.message", "pk": 90, "fields": {"author": 1, "timestamp": "2021-09-17T10:26:38.090", "content": "lol", "chat": 1}}, {"model": "chat.message", "pk": 91, "fields": {"author": 1, "timestamp": "2021-09-17T11:35:27.872", "content": "lol", "chat": 1}}, {"model": "chat.message", "pk": 92, "fields": {"author": 1, "timestamp": "2021-09-17T11:36:18.234", "content": "how", "chat": 1}}, {"model": "chat.message", "pk": 93, "fields": {"author": 1, "timestamp": "2021-09-17T11:51:49.254", "content": "when", "chat": 1}}, {"model": "chat.message", "pk": 94, "fields": {"author": 1, "timestamp": "2021-09-17T11:54:46.203", "content": "how", "chat": 1}}, {"model": "chat.message", "pk": 95, "fields": {"author": 1, "timestamp": "2021-09-17T11:54:59.279", "content": "lol", "chat": 1}}, {"model": "chat.message", "pk": 96, "fields": {"author": 1, "timestamp": "2021-09-17T11:55:06.715", "content": "what", "chat": 1}}, {"model": "chat.message", "pk": 97, "fields": {"author": 1, "timestamp": "2021-09-17T11:56:21.585", "content": "hello", "chat": 1}}, {"model": "chat.message", "pk": 98, "fields": {"author": 1, "timestamp": "2021-09-17T11:57:53.698", "content": "lol", "chat": 1}}, {"model": "chat.message", "pk": 99, "fields": {"author": 1, "timestamp": "2021-09-17T12:03:07.519", "content": "hola", "chat": 1}}, {"model": "chat.message", "pk": 100, "fields": {"author": 1, "timestamp": "2021-09-17T12:09:21.353", "content": "what", "chat": 1}}, {"model": "chat.message", "pk": 101, "fields": {"author": 1, "timestamp": "2021-09-17T12:10:30.591", "content": "who", "chat": 1}}, {"model": "chat.message", "pk": 102, "fields": {"author": 1, "timestamp": "2021-09-17T13:20:37.053", "content": "how", "chat": 1}}, {"model": "chat.message", "pk": 103, "fields": {"author": 1, "timestamp": "2021-09-17T13:20:43.402", "content": "lol", "chat": 1}}, {"model": "chat.message", "pk": 104, "fields": {"author": 1, "timestamp": "2021-09-17T13:20:50.214", "content": "who", "chat": 1}}, {"model": "chat.message", "pk": 105, "fields": {"author": 1, "timestamp": "2021-09-17T13:24:50.873", "content": "how", "chat": 1}}, {"model": "chat.message", "pk": 106, "fields": {"author": 1, "timestamp": "2021-09-17T13:31:30.041", "content": "what", "chat": 1}}, {"model": "chat.message", "pk": 107, "fields": {"author": 1, "timestamp": "2021-09-17T13:43:24.163", "content": "how", "chat": 1}}, {"model": "chat.message", "pk": 108, "fields": {"author": 1, "timestamp": "2021-09-17T13:44:13.113", "content": "lol", "chat": 1}}, {"model": "chat.message", "pk": 109, "fields": {"author": 1, "timestamp": "2021-09-17T14:30:15.187", "content": "what", "chat": 1}}, {"model": "chat.message", "pk": 110, "fields": {"author": 1, "timestamp": "2021-09-17T14:32:43.472", "content": "hey", "chat": 1}}, {"model": "chat.message", "pk": 111, "fields": {"author": 1, "timestamp": "2021-09-17T14:40:01.014", "content": "lol", "chat": 1}}, {"model": "chat.message", "pk": 112, "fields": {"author": 1, "timestamp": "2021-09-17T14:46:39.961", "content": "who", "chat": 1}}, {"model": "chat.message", "pk": 113, "fields": {"author": 1, "timestamp": "2021-09-17T14:49:16.207", "content": "hello", "chat": 1}}, {"model": "chat.message", "pk": 114, "fields": {"author": 1, "timestamp": "2021-09-17T14:51:59.414", "content": "hola", "chat": 1}}, {"model": "chat.message", "pk": 115, "fields": {"author": 1, "timestamp": "2021-09-17T14:53:29.724", "content": "lol", "chat": 1}}, {"model": "chat.message", "pk": 116, "fields": {"author": 1, "timestamp": "2021-09-17T15:19:33.147", "content": "who", "chat": 1}}, {"model": "chat.message", "pk": 117, "fields": {"author": 1, "timestamp": "2021-09-17T15:25:06.784", "content": "what", "chat": 1}}, {"model": "chat.message", "pk": 118, "fields": {"author": 1, "timestamp": "2021-09-17T15:26:52.443", "content": "lol", "chat": 1}}, {"model": "chat.message", "pk": 119, "fields": {"author": 1, "timestamp": "2021-09-17T15:29:07.706", "content": "hello", "chat": 1}}, {"model": "chat.message", "pk": 120, "fields": {"author": 1, "timestamp": "2021-09-17T15:31:01.908", "content": "how", "chat": 1}}, {"model": "chat.message", "pk": 121, "fields": {"author": 1, "timestamp": "2021-09-17T15:31:52.220", "content": "lol", "chat": 1}}, {"model": "chat.message", "pk": 122, "fields": {"author": 1, "timestamp": "2021-09-17T15:39:07.310", "content": "hola", "chat": 1}}, {"model": "chat.message", "pk": 123, "fields": {"author": 1, "timestamp": "2021-09-17T15:40:30.217", "content": "who", "chat": 1}}, {"model": "chat.message", "pk": 124, "fields": {"author": 1, "timestamp": "2021-09-17T15:47:19.963", "content": "hey", "chat": 1}}, {"model": "chat.message", "pk": 125, "fields": {"author": 1, "timestamp": "2021-09-17T15:48:25.727", "content": "what", "chat": 1}}, {"model": "chat.message", "pk": 126, "fields": {"author": 1, "timestamp": "2021-09-17T15:49:44.155", "content": "lol", "chat": 1}}, {"model": "chat.message", "pk": 127, "fields": {"author": 1, "timestamp": "2021-09-17T15:49:50.304", "content": "hello", "chat": 1}}, {"model": "chat.message", "pk": 128, "fields": {"author": 1, "timestamp": "2021-09-17T15:49:58.634", "content": "what", "chat": 1}}, {"model": "chat.message", "pk": 129, "fields": {"author": 1, "timestamp": "2021-09-17T15:50:04.659", "content": "lol", "chat": 1}}, {"model": "chat.message", "pk": 130, "fields": {"author": 1, "timestamp": "2021-09-17T15:58:06.658", "content": "who", "chat": 1}}, {"model": "chat.message", "pk": 131, "fields": {"author": 1, "timestamp": "2021-09-17T15:58:11.744", "content": "lol", "chat": 1}}, {"model": "chat.message", "pk": 132, "fields": {"author": 1, "timestamp": "2021-09-17T16:03:44.464", "content": "how", "chat": 1}}, {"model": "chat.message", "pk": 133, "fields": {"author": 1, "timestamp": "2021-09-17T16:04:18.606", "content": "what", "chat": 1}}, {"model": "chat.message", "pk": 134, "fields": {"author": 1, "timestamp": "2021-09-17T16:04:42.704", "content": "lol", "chat": 1}}, {"model": "chat.message", "pk": 135, "fields": {"author": 1, "timestamp": "2021-09-17T16:05:12.952", "content": "what", "chat": 1}}, {"model": "chat.message", "pk": 136, "fields": {"author": 1, "timestamp": "2021-09-17T16:06:03.463", "content": "how", "chat": 1}}, {"model": "chat.message", "pk": 137, "fields": {"author": 1, "timestamp": "2021-09-17T16:07:55.134", "content": "hey", "chat": 1}}, {"model": "chat.message", "pk": 138, "fields": {"author": 1, "timestamp": "2021-09-17T16:08:45.355", "content": "what", "chat": 1}}, {"model": "chat.message", "pk": 139, "fields": {"author": 1, "timestamp": "2021-09-17T16:11:31.095", "content": "lol", "chat": 1}}, {"model": "chat.message", "pk": 140, "fields": {"author": 1, "timestamp": "2021-09-17T16:13:26.433", "content": "hey", "chat": 1}}, {"model": "chat.message", "pk": 141, "fields": {"author": 1, "timestamp": "2021-09-17T16:14:46.170", "content": "what", "chat": 1}}, {"model": "chat.message", "pk": 142, "fields": {"author": 1, "timestamp": "2021-09-17T16:14:51.907", "content": "hey", "chat": 1}}, {"model": "chat.message", "pk": 143, "fields": {"author": 1, "timestamp": "2021-09-17T16:15:51.476", "content": "what", "chat": 1}}, {"model": "chat.message", "pk": 144, "fields": {"author": 1, "timestamp": "2021-09-17T16:16:51.815", "content": "What happened?", "chat": 1}}, {"model": "chat.message", "pk": 145, "fields": {"author": 1, "timestamp": "2021-09-17T16:17:56.025", "content": "hello", "chat": 1}}, {"model": "chat.message", "pk": 146, "fields": {"author": 1, "timestamp": "2021-09-17T16:18:59.642", "content": "what", "chat": 1}}, {"model": "chat.message", "pk": 147, "fields": {"author": 1, "timestamp": "2021-09-17T16:19:51.005", "content": "lol", "chat": 1}}, {"model": "chat.message", "pk": 148, "fields": {"author": 1, "timestamp": "2021-09-17T16:30:21.770", "content": "hey", "chat": 1}}, {"model": "chat.message", "pk": 149, "fields": {"author": 1, "timestamp": "2021-09-17T16:30:56.993", "content": "what", "chat": 1}}, {"model": "chat.message", "pk": 150, "fields": {"author": 1, "timestamp": "2021-09-17T16:31:14.481", "content": "what", "chat": 1}}, {"model": "chat.message", "pk": 151, "fields": {"author": 1, "timestamp": "2021-09-17T16:32:32.821", "content": "lol", "chat": 1}}, {"model": "chat.message", "pk": 152, "fields": {"author": 1, "timestamp": "2021-09-17T16:33:17.847", "content": "what", "chat": 1}}, {"model": "chat.message", "pk": 153, "fields": {"author": 1, "timestamp": "2021-09-17T16:35:24.199", "content": "lol", "chat": 1}}, {"model": "chat.message", "pk": 154, "fields": {"author": 1, "timestamp": "2021-09-17T16:36:44.102", "content": "hey", "chat": 1}}, {"model": "chat.message", "pk": 155, "fields": {"author": 1, "timestamp": "2021-09-17T16:38:18.240", "content": "what", "chat": 1}}, {"model": "chat.message", "pk": 156, "fields": {"author": 1, "timestamp": "2021-09-17T16:40:18.263", "content": "lol", "chat": 1}}, {"model": "chat.message", "pk": 157, "fields": {"author": 1, "timestamp": "2021-09-17T19:15:30.345", "content": "hey", "chat": 1}}, {"model": "chat.message", "pk": 158, "fields": {"author": 1, "timestamp": "2021-09-17T19:15:49.351", "content": "hello", "chat": 1}}, {"model": "chat.message", "pk": 159, "fields": {"author": 1, "timestamp": "2021-09-17T19:32:14.953", "content": "lol", "chat": 1}}, {"model": "chat.message", "pk": 160, "fields": {"author": 1, "timestamp": "2021-09-17T19:33:51.186", "content": "sup", "chat": 1}}, {"model": "chat.message", "pk": 161, "fields": {"author": 1, "timestamp": "2021-09-20T09:34:14.723", "content": "who", "chat": 1}}, {"model": "chat.message", "pk": 162, "fields": {"author": 1, "timestamp": "2021-09-20T09:42:29.265", "content": "lol", "chat": 1}}, {"model": "chat.message", "pk": 163, "fields": {"author": 1, "timestamp": "2021-09-20T09:47:42.062", "content": "how", "chat": 1}}, {"model": "chat.message", "pk": 164, "fields": {"author": 1, "timestamp": "2021-09-20T09:47:49.756", "content": "when", "chat": 1}}, {"model": "chat.message", "pk": 165, "fields": {"author": 1, "timestamp": "2021-09-20T10:06:14.908", "content": "hello", "chat": 1}}, {"model": "chat.message", "pk": 166, "fields": {"author": 1, "timestamp": "2021-09-20T10:06:57.857", "content": "what", "chat": 1}}, {"model": "chat.message", "pk": 167, "fields": {"author": 1, "timestamp": "2021-09-20T10:07:11.602", "content": "hola", "chat": 1}}, {"model": "chat.message", "pk": 168, "fields": {"author": 1, "timestamp": "2021-09-20T10:07:17.889", "content": "lol", "chat": 1}}, {"model": "chat.message", "pk": 169, "fields": {"author": 1, "timestamp": "2021-09-20T11:19:29.243", "content": "hello", "chat": 1}}, {"model": "chat.message", "pk": 170, "fields": {"author": 1, "timestamp": "2021-09-20T11:25:52.433", "content": "what", "chat": 1}}, {"model": "chat.message", "pk": 171, "fields": {"author": 1, "timestamp": "2021-09-20T11:39:01.562", "content": "lol", "chat": 1}}, {"model": "chat.message", "pk": 172, "fields": {"author": 1, "timestamp": "2021-09-20T12:01:01.661", "content": "hola", "chat": 1}}, {"model": "chat.message", "pk": 173, "fields": {"author": 1, "timestamp": "2021-09-20T12:38:18.346", "content": "sup", "chat": 1}}, {"model": "chat.message", "pk": 174, "fields": {"author": 1, "timestamp": "2021-09-20T12:39:07.570", "content": "hey", "chat": 1}}, {"model": "chat.message", "pk": 175, "fields": {"author": 1, "timestamp": "2021-09-20T12:39:47.215", "content": "suh", "chat": 1}}, {"model": "chat.message", "pk": 176, "fields": {"author": 1, "timestamp": "2021-09-20T12:53:24.716", "content": "lol", "chat": 1}}, {"model": "chat.message", "pk": 177, "fields": {"author": 1, "timestamp": "2021-09-20T13:01:29.681", "content": "sup", "chat": 1}}, {"model": "chat.message", "pk": 178, "fields": {"author": 1, "timestamp": "2021-09-20T13:02:45.722", "content": "wuh", "chat": 1}}, {"model": "chat.message", "pk": 179, "fields": {"author": 1, "timestamp": "2021-09-20T13:48:03.774", "content": "suh", "chat": 1}}, {"model": "chat.message", "pk": 180, "fields": {"author": 1, "timestamp": "2021-09-20T13:48:23.676", "content": "lol", "chat": 1}}, {"model": "chat.message", "pk": 181, "fields": {"author": 1, "timestamp": "2021-09-20T13:54:32.504", "content": "who", "chat": 1}}, {"model": "chat.message", "pk": 182, "fields": {"author": 1, "timestamp": "2021-09-20T14:59:01.315", "content": "sup", "chat": 1}}, {"model": "chat.message", "pk": 183, "fields": {"author": 1, "timestamp": "2021-09-20T15:12:13.774", "content": "wuh", "chat": 1}}, {"model": "chat.message", "pk": 184, "fields": {"author": 1, "timestamp": "2021-09-20T15:13:21.863", "content": "wow", "chat": 1}}, {"model": "chat.message", "pk": 185, "fields": {"author": 1, "timestamp": "2021-09-20T17:19:33.584", "content": "lol", "chat": 1}}, {"model": "chat.message", "pk": 186, "fields": {"author": 1, "timestamp": "2021-09-20T17:20:13.308", "content": "sup", "chat": 1}}, {"model": "chat.message", "pk": 187, "fields": {"author": 1, "timestamp": "2021-09-20T20:22:18.974", "content": "what", "chat": 1}}, {"model": "chat.message", "pk": 188, "fields": {"author": 1, "timestamp": "2021-09-20T20:55:50.620", "content": "suh", "chat": 1}}, {"model": "chat.message", "pk": 189, "fields": {"author": 1, "timestamp": "2021-09-20T22:07:29.577", "content": "lol", "chat": 1}}, {"model": "chat.message", "pk": 190, "fields": {"author": 1, "timestamp": "2021-09-21T09:10:26.786", "content": "who", "chat": 1}}, {"model": "chat.message", "pk": 191, "fields": {"author": 1, "timestamp": "2021-09-21T09:12:55.264", "content": "sup", "chat": 1}}, {"model": "chat.message", "pk": 192, "fields": {"author": 1, "timestamp": "2021-09-21T10:46:06.126", "content": "how", "chat": 1}}, {"model": "chat.message", "pk": 193, "fields": {"author": 1, "timestamp": "2021-09-21T10:49:35.570", "content": "lol", "chat": 1}}, {"model": "chat.message", "pk": 194, "fields": {"author": 1, "timestamp": "2021-09-21T10:50:45.685", "content": "hello", "chat": 1}}, {"model": "chat.message", "pk": 195, "fields": {"author": 1, "timestamp": "2021-09-21T11:07:48.612", "content": "sup", "chat": 1}}, {"model": "chat.message", "pk": 196, "fields": {"author": 1, "timestamp": "2021-09-21T11:09:09.884", "content": "what", "chat": 1}}, {"model": "chat.message", "pk": 197, "fields": {"author": 1, "timestamp": "2021-09-21T11:13:01.949", "content": "hey", "chat": 1}}, {"model": "chat.message", "pk": 198, "fields": {"author": 1, "timestamp": "2021-09-21T11:14:19.068", "content": "lol", "chat": 1}}, {"model": "chat.message", "pk": 199, "fields": {"author": 1, "timestamp": "2021-09-21T15:46:41.378", "content": "sup", "chat": 1}}, {"model": "chat.message", "pk": 200, "fields": {"author": 1, "timestamp": "2021-09-21T17:48:25.862", "content": "what", "chat": 1}}, {"model": "chat.message", "pk": 201, "fields": {"author": 1, "timestamp": "2021-09-21T20:28:04.233", "content": "how", "chat": 1}}, {"model": "chat.message", "pk": 202, "fields": {"author": 1, "timestamp": "2021-09-21T20:28:16.589", "content": "lol", "chat": 1}}, {"model": "chat.message", "pk": 203, "fields": {"author": 1, "timestamp": "2021-09-22T09:00:26.761", "content": "sup", "chat": 1}}, {"model": "chat.message", "pk": 204, "fields": {"author": 1, "timestamp": "2021-09-22T09:44:19.493", "content": "hey", "chat": 1}}, {"model": "chat.message", "pk": 205, "fields": {"author": 1, "timestamp": "2021-09-22T14:11:09.425", "content": "lol", "chat": 1}}, {"model": "chat.message", "pk": 206, "fields": {"author": 1, "timestamp": "2021-09-22T14:14:50.419", "content": "what", "chat": 1}}, {"model": "chat.message", "pk": 207, "fields": {"author": 1, "timestamp": "2021-09-22T14:19:34.399", "content": "sup", "chat": 1}}, {"model": "chat.message", "pk": 208, "fields": {"author": 1, "timestamp": "2021-09-22T14:20:36.252", "content": "hey", "chat": 1}}, {"model": "chat.message", "pk": 209, "fields": {"author": 1, "timestamp": "2021-09-22T14:23:35.471", "content": "lol", "chat": 1}}, {"model": "chat.message", "pk": 210, "fields": {"author": 1, "timestamp": "2021-09-22T14:24:43.197", "content": "what", "chat": 1}}, {"model": "chat.message", "pk": 211, "fields": {"author": 1, "timestamp": "2021-09-22T15:03:10.163", "content": "sup", "chat": 1}}, {"model": "chat.message", "pk": 212, "fields": {"author": 1, "timestamp": "2021-09-22T15:45:14.458", "content": "who", "chat": 1}}, {"model": "chat.message", "pk": 213, "fields": {"author": 1, "timestamp": "2021-09-22T16:40:49.827", "content": "suh", "chat": 1}}, {"model": "chat.message", "pk": 214, "fields": {"author": 1, "timestamp": "2021-09-22T16:46:41.333", "content": "how", "chat": 1}}, {"model": "chat.message", "pk": 215, "fields": {"author": 1, "timestamp": "2021-09-22T16:51:14.494", "content": "hey", "chat": 1}}, {"model": "chat.message", "pk": 216, "fields": {"author": 1, "timestamp": "2021-09-22T16:57:51.195", "content": "sup", "chat": 1}}, {"model": "chat.message", "pk": 217, "fields": {"author": 1, "timestamp": "2021-09-22T17:20:29.505", "content": "lol", "chat": 1}}, {"model": "chat.message", "pk": 218, "fields": {"author": 1, "timestamp": "2021-09-23T08:55:28.934", "content": "sup", "chat": 1}}, {"model": "chat.message", "pk": 219, "fields": {"author": 1, "timestamp": "2021-09-23T10:50:38.722", "content": "what", "chat": 1}}, {"model": "chat.message", "pk": 220, "fields": {"author": 1, "timestamp": "2021-09-23T12:05:37.174", "content": "sup", "chat": 1}}, {"model": "chat.message", "pk": 221, "fields": {"author": 1, "timestamp": "2021-09-23T15:15:00.730", "content": "hey", "chat": 1}}, {"model": "chat.message", "pk": 222, "fields": {"author": 1, "timestamp": "2021-09-23T16:16:29.430", "content": "suh", "chat": 1}}, {"model": "chat.message", "pk": 223, "fields": {"author": 1, "timestamp": "2021-09-24T14:40:22.955", "content": "who", "chat": 1}}, {"model": "chat.message", "pk": 224, "fields": {"author": 1, "timestamp": "2021-09-24T15:19:55.997", "content": "lol", "chat": 1}}, {"model": "chat.message", "pk": 225, "fields": {"author": 1, "timestamp": "2021-09-24T17:09:07.901", "content": "what", "chat": 1}}, {"model": "chat.message", "pk": 226, "fields": {"author": 1, "timestamp": "2021-09-27T09:13:11.689", "content": "sup", "chat": 1}}, {"model": "chat.message", "pk": 227, "fields": {"author": 1, "timestamp": "2021-09-27T09:20:52.217", "content": "lol", "chat": 1}}, {"model": "chat.message", "pk": 228, "fields": {"author": 1, "timestamp": "2021-09-27T09:28:23.347", "content": "how", "chat": 1}}, {"model": "chat.message", "pk": 229, "fields": {"author": 1, "timestamp": "2021-09-27T09:30:08.769", "content": "yup", "chat": 1}}, {"model": "chat.message", "pk": 230, "fields": {"author": 1, "timestamp": "2021-09-27T11:21:57.098", "content": "who", "chat": 1}}, {"model": "chat.message", "pk": 231, "fields": {"author": 1, "timestamp": "2021-09-27T11:43:00.404", "content": "sup", "chat": 1}}, {"model": "chat.message", "pk": 232, "fields": {"author": 1, "timestamp": "2021-09-27T12:49:30.138", "content": "lol", "chat": 1}}, {"model": "chat.message", "pk": 233, "fields": {"author": 1, "timestamp": "2021-09-27T13:09:07.455", "content": "what", "chat": 1}}, {"model": "chat.message", "pk": 234, "fields": {"author": 1, "timestamp": "2021-09-27T13:09:22.294", "content": "wow", "chat": 1}}, {"model": "chat.message", "pk": 235, "fields": {"author": 1, "timestamp": "2021-09-27T13:12:16.911", "content": "how", "chat": 1}}, {"model": "chat.message", "pk": 236, "fields": {"author": 1, "timestamp": "2021-09-27T13:27:07.950", "content": "lol", "chat": 1}}, {"model": "chat.message", "pk": 237, "fields": {"author": 1, "timestamp": "2021-09-27T15:24:40.419", "content": "what", "chat": 1}}, {"model": "chat.message", "pk": 238, "fields": {"author": 1, "timestamp": "2021-09-27T15:25:15.308", "content": "sup", "chat": 1}}, {"model": "chat.message", "pk": 239, "fields": {"author": 1, "timestamp": "2021-09-27T15:37:49.289", "content": "who", "chat": 1}}, {"model": "chat.message", "pk": 240, "fields": {"author": 1, "timestamp": "2021-09-27T15:47:32.351", "content": "hey", "chat": 1}}, {"model": "chat.message", "pk": 241, "fields": {"author": 1, "timestamp": "2021-09-27T16:01:39.136", "content": "what", "chat": 1}}, {"model": "chat.message", "pk": 242, "fields": {"author": 1, "timestamp": "2021-09-28T10:18:08.659", "content": "sup", "chat": 1}}, {"model": "chat.message", "pk": 243, "fields": {"author": 1, "timestamp": "2021-09-28T10:35:12.349", "content": "what", "chat": 1}}, {"model": "chat.message", "pk": 244, "fields": {"author": 1, "timestamp": "2021-09-28T11:06:06.102", "content": "lol", "chat": 1}}, {"model": "chat.message", "pk": 245, "fields": {"author": 3, "timestamp": "2021-09-28T14:59:26.684", "content": "what", "chat": 1}}, {"model": "chat.message", "pk": 246, "fields": {"author": 4, "timestamp": "2021-09-28T15:26:53.125", "content": "lol", "chat": 1}}, {"model": "chat.message", "pk": 247, "fields": {"author": 1, "timestamp": "2021-09-29T10:41:29.834", "content": "who", "chat": 1}}, {"model": "chat.message", "pk": 248, "fields": {"author": 1, "timestamp": "2021-09-29T11:06:10.870", "content": "how", "chat": 1}}, {"model": "chat.message", "pk": 249, "fields": {"author": 1, "timestamp": "2021-09-29T11:55:21.330", "content": "lol", "chat": 1}}, {"model": "chat.message", "pk": 250, "fields": {"author": 1, "timestamp": "2021-09-29T12:35:12.371", "content": "sup", "chat": 1}}, {"model": "chat.message", "pk": 251, "fields": {"author": 3, "timestamp": "2021-09-29T13:43:25.289", "content": "hey", "chat": 2}}, {"model": "chat.message", "pk": 252, "fields": {"author": 1, "timestamp": "2021-09-29T14:07:35.413", "content": "how", "chat": 1}}, {"model": "chat.message", "pk": 253, "fields": {"author": 3, "timestamp": "2021-09-29T14:07:56.652", "content": "what", "chat": 1}}, {"model": "chat.message", "pk": 254, "fields": {"author": 3, "timestamp": "2021-09-29T14:08:42.179", "content": "what", "chat": 1}}, {"model": "chat.message", "pk": 255, "fields": {"author": 3, "timestamp": "2021-09-29T14:09:19.635", "content": "what", "chat": 1}}, {"model": "chat.message", "pk": 256, "fields": {"author": 3, "timestamp": "2021-09-29T14:10:12.873", "content": "what", "chat": 1}}, {"model": "chat.message", "pk": 257, "fields": {"author": 3, "timestamp": "2021-09-29T14:11:59.645", "content": "lol", "chat": 1}}, {"model": "chat.message", "pk": 258, "fields": {"author": 3, "timestamp": "2021-09-29T14:17:21.992", "content": "sup", "chat": 1}}, {"model": "chat.message", "pk": 259, "fields": {"author": 3, "timestamp": "2021-09-29T14:18:04.526", "content": "how", "chat": 1}}, {"model": "chat.message", "pk": 260, "fields": {"author": 3, "timestamp": "2021-09-29T14:33:17.505", "content": "what", "chat": 1}}, {"model": "chat.message", "pk": 261, "fields": {"author": 3, "timestamp": "2021-09-29T14:37:59.067", "content": "what", "chat": 2}}, {"model": "chat.message", "pk": 262, "fields": {"author": 3, "timestamp": "2021-09-29T14:38:13.994", "content": "hey", "chat": 1}}, {"model": "chat.message", "pk": 263, "fields": {"author": 3, "timestamp": "2021-09-29T15:15:16.074", "content": "lol", "chat": 2}}, {"model": "chat.message", "pk": 264, "fields": {"author": 3, "timestamp": "2021-09-29T15:31:15.112", "content": "yup", "chat": 2}}, {"model": "chat.message", "pk": 265, "fields": {"author": 3, "timestamp": "2021-09-29T15:34:37.490", "content": "haha", "chat": 2}}, {"model": "chat.message", "pk": 266, "fields": {"author": 1, "timestamp": "2021-09-29T17:51:30.793", "content": "hey", "chat": 10}}, {"model": "chat.message", "pk": 267, "fields": {"author": 1, "timestamp": "2021-09-29T17:54:16.477", "content": "sup", "chat": 11}}, {"model": "chat.message", "pk": 268, "fields": {"author": 1, "timestamp": "2021-09-29T19:37:14.933", "content": "lol", "chat": 11}}, {"model": "chat.message", "pk": 269, "fields": {"author": 1, "timestamp": "2021-09-29T19:44:19.791", "content": "yup", "chat": 1}}, {"model": "chat.message", "pk": 270, "fields": {"author": 1, "timestamp": "2021-09-30T08:44:03.522", "content": "sup", "chat": 10}}, {"model": "chat.message", "pk": 271, "fields": {"author": 1, "timestamp": "2021-09-30T09:15:47.174", "content": "hello", "chat": 1}}, {"model": "chat.message", "pk": 272, "fields": {"author": 1, "timestamp": "2021-09-30T09:17:27.950", "content": "that's right", "chat": 10}}, {"model": "chat.message", "pk": 273, "fields": {"author": 3, "timestamp": "2021-09-30T09:20:06.298", "content": "hey", "chat": 12}}, {"model": "chat.message", "pk": 274, "fields": {"author": 1, "timestamp": "2021-09-30T09:22:01.401", "content": "sup", "chat": 13}}, {"model": "chat.message", "pk": 275, "fields": {"author": 1, "timestamp": "2021-09-30T09:50:17.578", "content": "yo", "chat": 11}}, {"model": "chat.message", "pk": 276, "fields": {"author": 3, "timestamp": "2021-09-30T10:03:23.136", "content": "that's right", "chat": 2}}, {"model": "chat.message", "pk": 277, "fields": {"author": 1, "timestamp": "2021-09-30T10:27:45.327", "content": "yo", "chat": 1}}, {"model": "chat.message", "pk": 278, "fields": {"author": 1, "timestamp": "2021-09-30T10:29:47.498", "content": "hey", "chat": 13}}, {"model": "chat.message", "pk": 279, "fields": {"author": 4, "timestamp": "2021-09-30T11:04:55.822", "content": "hey", "chat": 14}}, {"model": "chat.message", "pk": 280, "fields": {"author": 4, "timestamp": "2021-09-30T11:18:20.030", "content": "yo", "chat": 2}}, {"model": "chat.message", "pk": 281, "fields": {"author": 1, "timestamp": "2021-09-30T11:21:09.884", "content": "sup", "chat": 1}}, {"model": "chat.message", "pk": 282, "fields": {"author": 1, "timestamp": "2021-09-30T11:21:32.484", "content": "hey", "chat": 15}}, {"model": "chat.message", "pk": 283, "fields": {"author": 1, "timestamp": "2021-09-30T11:33:58.580", "content": "lol", "chat": 1}}, {"model": "chat.message", "pk": 284, "fields": {"author": 1, "timestamp": "2021-09-30T11:35:04.220", "content": "sup", "chat": 15}}, {"model": "chat.message", "pk": 285, "fields": {"author": 1, "timestamp": "2021-09-30T11:37:32.934", "content": "what", "chat": 1}}, {"model": "chat.message", "pk": 286, "fields": {"author": 1, "timestamp": "2021-09-30T11:48:35.580", "content": "what", "chat": 10}}, {"model": "chat.message", "pk": 287, "fields": {"author": 1, "timestamp": "2021-09-30T11:49:33.952", "content": "hey", "chat": 16}}, {"model": "chat.message", "pk": 288, "fields": {"author": 1, "timestamp": "2021-09-30T12:35:12.752", "content": "hey", "chat": 1}}, {"model": "chat.message", "pk": 289, "fields": {"author": 1, "timestamp": "2021-09-30T12:36:30.317", "content": "lol", "chat": 10}}, {"model": "chat.message", "pk": 290, "fields": {"author": 1, "timestamp": "2021-09-30T12:45:32.035", "content": "hey", "chat": 10}}, {"model": "chat.message", "pk": 291, "fields": {"author": 1, "timestamp": "2021-09-30T12:54:51.907", "content": "yo", "chat": 10}}, {"model": "chat.message", "pk": 292, "fields": {"author": 1, "timestamp": "2021-09-30T14:20:27.342", "content": "hey", "chat": 17}}, {"model": "chat.message", "pk": 293, "fields": {"author": 1, "timestamp": "2021-09-30T14:35:38.330", "content": "how", "chat": 11}}, {"model": "chat.message", "pk": 294, "fields": {"author": 1, "timestamp": "2021-09-30T14:37:03.067", "content": "hey", "chat": 11}}, {"model": "chat.message", "pk": 295, "fields": {"author": 1, "timestamp": "2021-09-30T14:41:13.128", "content": "hey", "chat": 25}}, {"model": "chat.message", "pk": 296, "fields": {"author": 1, "timestamp": "2021-09-30T15:00:58.791", "content": "yup", "chat": 10}}, {"model": "chat.message", "pk": 297, "fields": {"author": 1, "timestamp": "2021-09-30T15:01:56.919", "content": "whatup", "chat": 26}}, {"model": "chat.message", "pk": 298, "fields": {"author": 1, "timestamp": "2021-09-30T15:39:16.628", "content": "lol", "chat": 11}}, {"model": "chat.message", "pk": 299, "fields": {"author": 1, "timestamp": "2021-09-30T15:41:55.012", "content": "what", "chat": 10}}, {"model": "chat.message", "pk": 300, "fields": {"author": 1, "timestamp": "2021-09-30T15:56:47.700", "content": "sup", "chat": 11}}, {"model": "chat.message", "pk": 301, "fields": {"author": 1, "timestamp": "2021-09-30T16:05:33.367", "content": "yeah", "chat": 10}}, {"model": "chat.message", "pk": 302, "fields": {"author": 1, "timestamp": "2021-09-30T16:43:27.895", "content": "hey", "chat": 29}}, {"model": "chat.message", "pk": 303, "fields": {"author": 1, "timestamp": "2021-09-30T16:45:41.507", "content": "how", "chat": 1}}, {"model": "chat.message", "pk": 304, "fields": {"author": 1, "timestamp": "2021-09-30T16:59:59.215", "content": "hey", "chat": 30}}, {"model": "chat.message", "pk": 305, "fields": {"author": 1, "timestamp": "2021-09-30T17:11:05.339", "content": "hey", "chat": 31}}, {"model": "chat.message", "pk": 306, "fields": {"author": 1, "timestamp": "2021-09-30T17:12:11.766", "content": "whatup", "chat": 18}}, {"model": "chat.message", "pk": 307, "fields": {"author": 1, "timestamp": "2021-09-30T17:15:16.876", "content": "sup", "chat": 20}}, {"model": "chat.message", "pk": 308, "fields": {"author": 1, "timestamp": "2021-09-30T17:24:41.745", "content": "sup", "chat": 10}}, {"model": "chat.message", "pk": 309, "fields": {"author": 1, "timestamp": "2021-09-30T17:26:57.320", "content": "yo", "chat": 21}}, {"model": "chat.message", "pk": 310, "fields": {"author": 1, "timestamp": "2021-10-01T08:45:13.344", "content": "yo", "chat": 10}}, {"model": "chat.message", "pk": 311, "fields": {"author": 1, "timestamp": "2021-10-01T08:46:18.816", "content": "what", "chat": 1}}, {"model": "chat.message", "pk": 312, "fields": {"author": 1, "timestamp": "2021-10-01T08:56:37.208", "content": "yup", "chat": 1}}, {"model": "chat.message", "pk": 313, "fields": {"author": 1, "timestamp": "2021-10-01T09:09:58.981", "content": "hey", "chat": 32}}, {"model": "chat.message", "pk": 314, "fields": {"author": 1, "timestamp": "2021-10-01T09:11:20.713", "content": "hey", "chat": 1}}, {"model": "chat.message", "pk": 315, "fields": {"author": 3, "timestamp": "2021-10-01T09:35:20.335", "content": "yo", "chat": 25}}, {"model": "chat.message", "pk": 316, "fields": {"author": 3, "timestamp": "2021-10-01T09:59:11.829", "content": "what", "chat": 2}}, {"model": "chat.message", "pk": 317, "fields": {"author": 3, "timestamp": "2021-10-01T10:00:05.934", "content": "sup", "chat": 33}}, {"model": "chat.message", "pk": 318, "fields": {"author": 1, "timestamp": "2021-10-01T10:37:30.814", "content": "yo", "chat": 1}}, {"model": "chat.message", "pk": 319, "fields": {"author": 1, "timestamp": "2021-10-01T10:52:13.203", "content": "what", "chat": 10}}, {"model": "chat.message", "pk": 320, "fields": {"author": 1, "timestamp": "2021-10-01T10:53:03.476", "content": "hey", "chat": 10}}, {"model": "chat.message", "pk": 321, "fields": {"author": 1, "timestamp": "2021-10-01T10:55:28.174", "content": "sup", "chat": 10}}, {"model": "chat.message", "pk": 322, "fields": {"author": 1, "timestamp": "2021-10-01T10:57:10.092", "content": "hey", "chat": 10}}, {"model": "chat.message", "pk": 323, "fields": {"author": 1, "timestamp": "2021-10-01T10:57:39.598", "content": "what", "chat": 10}}, {"model": "chat.message", "pk": 324, "fields": {"author": 1, "timestamp": "2021-10-01T10:59:56.249", "content": "yo", "chat": 10}}, {"model": "chat.message", "pk": 325, "fields": {"author": 1, "timestamp": "2021-10-01T11:00:33.690", "content": "whatup", "chat": 10}}, {"model": "chat.message", "pk": 326, "fields": {"author": 1, "timestamp": "2021-10-01T11:01:15.330", "content": "lol", "chat": 10}}, {"model": "chat.message", "pk": 327, "fields": {"author": 1, "timestamp": "2021-10-01T11:04:35.645", "content": "hey", "chat": 10}}, {"model": "chat.message", "pk": 328, "fields": {"author": 1, "timestamp": "2021-10-01T11:07:13.365", "content": "yup", "chat": 10}}, {"model": "chat.message", "pk": 329, "fields": {"author": 1, "timestamp": "2021-10-01T11:07:43.446", "content": "what", "chat": 10}}, {"model": "chat.message", "pk": 330, "fields": {"author": 1, "timestamp": "2021-10-01T11:10:01.004", "content": "hey", "chat": 10}}, {"model": "chat.message", "pk": 331, "fields": {"author": 1, "timestamp": "2021-10-01T11:23:02.246", "content": "what", "chat": 10}}, {"model": "chat.message", "pk": 332, "fields": {"author": 1, "timestamp": "2021-10-01T11:32:22.801", "content": "hey", "chat": 10}}, {"model": "chat.message", "pk": 333, "fields": {"author": 1, "timestamp": "2021-10-01T11:32:55.462", "content": "lol", "chat": 10}}, {"model": "chat.message", "pk": 334, "fields": {"author": 1, "timestamp": "2021-10-01T11:33:21.647", "content": "hey", "chat": 11}}, {"model": "chat.message", "pk": 335, "fields": {"author": 1, "timestamp": "2021-10-01T11:43:48.784", "content": "yo", "chat": 13}}, {"model": "chat.message", "pk": 336, "fields": {"author": 1, "timestamp": "2021-10-01T11:44:46.666", "content": "whatup", "chat": 13}}, {"model": "chat.message", "pk": 337, "fields": {"author": 1, "timestamp": "2021-10-01T11:45:21.190", "content": "hey", "chat": 13}}, {"model": "chat.message", "pk": 338, "fields": {"author": 1, "timestamp": "2021-10-01T11:45:52.413", "content": "what", "chat": 13}}, {"model": "chat.message", "pk": 339, "fields": {"author": 1, "timestamp": "2021-10-01T11:46:33.273", "content": "yo", "chat": 13}}, {"model": "chat.message", "pk": 340, "fields": {"author": 1, "timestamp": "2021-10-01T11:48:24.323", "content": "what", "chat": 14}}, {"model": "chat.message", "pk": 341, "fields": {"author": 1, "timestamp": "2021-10-01T11:50:05.463", "content": "hey", "chat": 13}}, {"model": "chat.message", "pk": 342, "fields": {"author": 1, "timestamp": "2021-10-01T11:56:15.534", "content": "yeah", "chat": 13}}, {"model": "chat.message", "pk": 343, "fields": {"author": 1, "timestamp": "2021-10-01T11:56:56.634", "content": "what", "chat": 13}}, {"model": "chat.message", "pk": 344, "fields": {"author": 1, "timestamp": "2021-10-01T11:58:11.321", "content": "hey", "chat": 13}}, {"model": "chat.message", "pk": 345, "fields": {"author": 1, "timestamp": "2021-10-01T12:03:22.910", "content": "what", "chat": 13}}, {"model": "chat.message", "pk": 346, "fields": {"author": 1, "timestamp": "2021-10-01T12:04:13.077", "content": "yup", "chat": 13}}, {"model": "chat.message", "pk": 347, "fields": {"author": 1, "timestamp": "2021-10-01T12:05:24.847", "content": "haha", "chat": 13}}, {"model": "chat.message", "pk": 348, "fields": {"author": 1, "timestamp": "2021-10-01T12:06:21.247", "content": "what", "chat": 13}}, {"model": "chat.message", "pk": 349, "fields": {"author": 1, "timestamp": "2021-10-01T12:06:40.494", "content": "yup", "chat": 13}}, {"model": "chat.message", "pk": 350, "fields": {"author": 1, "timestamp": "2021-10-01T12:09:49.499", "content": "haha", "chat": 13}}, {"model": "chat.message", "pk": 351, "fields": {"author": 1, "timestamp": "2021-10-01T12:10:01.836", "content": "lol", "chat": 14}}, {"model": "chat.message", "pk": 352, "fields": {"author": 4, "timestamp": "2021-10-01T13:48:24.648", "content": "hello", "chat": 15}}, {"model": "chat.message", "pk": 353, "fields": {"author": 1, "timestamp": "2021-10-01T14:52:31.117", "content": "what", "chat": 11}}, {"model": "chat.message", "pk": 354, "fields": {"author": 1, "timestamp": "2021-10-01T14:54:36.040", "content": "yo", "chat": 15}}, {"model": "chat.message", "pk": 355, "fields": {"author": 1, "timestamp": "2021-10-01T14:54:45.605", "content": "hey", "chat": 11}}, {"model": "chat.message", "pk": 356, "fields": {"author": 1, "timestamp": "2021-10-01T14:54:53.702", "content": "hey", "chat": 10}}, {"model": "chat.message", "pk": 357, "fields": {"author": 1, "timestamp": "2021-10-01T15:08:25.317", "content": "hey", "chat": 15}}, {"model": "chat.message", "pk": 358, "fields": {"author": 1, "timestamp": "2021-10-01T15:08:34.714", "content": "what", "chat": 34}}, {"model": "chat.message", "pk": 359, "fields": {"author": 5, "timestamp": "2021-10-01T15:10:50.221", "content": "hey", "chat": 35}}, {"model": "chat.message", "pk": 360, "fields": {"author": 5, "timestamp": "2021-10-01T15:17:00.794", "content": "what", "chat": 35}}, {"model": "chat.message", "pk": 361, "fields": {"author": 5, "timestamp": "2021-10-01T15:54:37.070", "content": "hey", "chat": 36}}, {"model": "chat.message", "pk": 362, "fields": {"author": 5, "timestamp": "2021-10-01T15:54:52.825", "content": "what's up", "chat": 36}}, {"model": "chat.message", "pk": 363, "fields": {"author": 5, "timestamp": "2021-10-01T15:55:43.898", "content": "yo", "chat": 36}}, {"model": "chat.message", "pk": 364, "fields": {"author": 5, "timestamp": "2021-10-01T15:56:17.349", "content": "hello", "chat": 37}}, {"model": "chat.message", "pk": 365, "fields": {"author": 5, "timestamp": "2021-10-01T16:00:01.538", "content": "hey", "chat": 38}}, {"model": "chat.message", "pk": 366, "fields": {"author": 1, "timestamp": "2021-10-01T16:04:55.913", "content": "yo", "chat": 16}}, {"model": "chat.message", "pk": 367, "fields": {"author": 1, "timestamp": "2021-10-01T16:16:37.579", "content": "hey", "chat": 40}}, {"model": "chat.message", "pk": 368, "fields": {"author": 5, "timestamp": "2021-10-01T16:19:18.355", "content": "yo", "chat": 37}}, {"model": "chat.message", "pk": 369, "fields": {"author": 5, "timestamp": "2021-10-01T16:20:31.316", "content": "hey", "chat": 42}}, {"model": "chat.message", "pk": 371, "fields": {"author": 1, "timestamp": "2021-10-01T20:59:12.452", "content": "yo", "chat": 17}}, {"model": "chat.message", "pk": 372, "fields": {"author": 1, "timestamp": "2021-10-01T21:17:38.582", "content": "hey", "chat": 18}}, {"model": "chat.message", "pk": 373, "fields": {"author": 1, "timestamp": "2021-10-01T21:22:51.595", "content": "hey", "chat": 1}}, {"model": "chat.message", "pk": 374, "fields": {"author": 1, "timestamp": "2021-10-01T21:25:19.652", "content": "hey", "chat": 20}}, {"model": "chat.message", "pk": 375, "fields": {"author": 1, "timestamp": "2021-10-01T21:29:21.785", "content": "hey", "chat": 26}}, {"model": "chat.message", "pk": 376, "fields": {"author": 1, "timestamp": "2021-10-01T21:33:25.470", "content": "hey", "chat": 22}}, {"model": "chat.message", "pk": 377, "fields": {"author": 1, "timestamp": "2021-10-01T21:35:48.563", "content": "yo", "chat": 43}}, {"model": "chat.message", "pk": 378, "fields": {"author": 1, "timestamp": "2021-10-01T21:36:23.996", "content": "hey", "chat": 19}}, {"model": "chat.message", "pk": 379, "fields": {"author": 3, "timestamp": "2021-10-01T21:38:01.116", "content": "hey", "chat": 34}}, {"model": "chat.message", "pk": 380, "fields": {"author": 3, "timestamp": "2021-10-01T21:38:18.352", "content": "hey", "chat": 33}}, {"model": "chat.message", "pk": 381, "fields": {"author": 3, "timestamp": "2021-10-01T21:39:29.519", "content": "yo", "chat": 44}}, {"model": "chat.message", "pk": 382, "fields": {"author": 3, "timestamp": "2021-10-01T21:40:04.462", "content": "what", "chat": 12}}, {"model": "chat.message", "pk": 383, "fields": {"author": 1, "timestamp": "2021-10-02T12:49:59.739", "content": "what", "chat": 18}}, {"model": "chat.message", "pk": 384, "fields": {"author": 1, "timestamp": "2021-10-02T12:52:40.344", "content": "hey", "chat": 21}}, {"model": "chat.message", "pk": 385, "fields": {"author": 1, "timestamp": "2021-10-02T13:17:03.475", "content": "hey", "chat": 24}}, {"model": "chat.message", "pk": 386, "fields": {"author": 1, "timestamp": "2021-10-02T13:17:38.509", "content": "steve", "chat": 28}}, {"model": "chat.message", "pk": 387, "fields": {"author": 1, "timestamp": "2021-10-02T13:17:42.168", "content": "hey", "chat": 28}}, {"model": "chat.message", "pk": 388, "fields": {"author": 1, "timestamp": "2021-10-02T13:19:38.779", "content": "steve", "chat": 23}}, {"model": "chat.message", "pk": 389, "fields": {"author": 1, "timestamp": "2021-10-02T13:19:43.916", "content": "yo", "chat": 23}}, {"model": "chat.message", "pk": 390, "fields": {"author": 1, "timestamp": "2021-10-02T13:19:58.409", "content": "what up", "chat": 25}}, {"model": "chat.message", "pk": 391, "fields": {"author": 1, "timestamp": "2021-10-02T13:20:11.516", "content": "hey", "chat": 27}}, {"model": "chat.message", "pk": 392, "fields": {"author": 1, "timestamp": "2021-10-02T13:21:55.297", "content": "yo", "chat": 30}}, {"model": "chat.message", "pk": 393, "fields": {"author": 1, "timestamp": "2021-10-02T13:25:53.502", "content": "what up", "chat": 31}}, {"model": "chat.message", "pk": 394, "fields": {"author": 1, "timestamp": "2021-10-02T13:26:15.473", "content": "sup", "chat": 29}}, {"model": "chat.message", "pk": 395, "fields": {"author": 1, "timestamp": "2021-10-02T13:26:23.741", "content": "lol", "chat": 32}}, {"model": "chat.message", "pk": 396, "fields": {"author": 1, "timestamp": "2021-10-02T13:27:09.275", "content": "hey", "chat": 45}}, {"model": "chat.message", "pk": 397, "fields": {"author": 1, "timestamp": "2021-10-02T13:31:09.492", "content": "yo", "chat": 45}}, {"model": "chat.message", "pk": 398, "fields": {"author": 1, "timestamp": "2021-10-04T09:31:47.169", "content": "hi", "chat": 45}}, {"model": "chat.message", "pk": 399, "fields": {"author": 1, "timestamp": "2021-10-04T09:33:50.846", "content": "hey", "chat": 46}}, {"model": "chat.message", "pk": 400, "fields": {"author": 1, "timestamp": "2021-10-04T09:35:33.968", "content": "what", "chat": 46}}, {"model": "chat.message", "pk": 401, "fields": {"author": 5, "timestamp": "2021-10-04T09:37:19.986", "content": "whatup", "chat": 44}}, {"model": "chat.message", "pk": 402, "fields": {"author": 5, "timestamp": "2021-10-04T09:55:36.261", "content": "hey", "chat": 41}}, {"model": "chat.message", "pk": 403, "fields": {"author": 5, "timestamp": "2021-10-04T10:00:55.838", "content": "sup", "chat": 46}}, {"model": "chat.message", "pk": 404, "fields": {"author": 5, "timestamp": "2021-10-04T10:01:19.186", "content": "hey", "chat": 48}}, {"model": "chat.message", "pk": 405, "fields": {"author": 5, "timestamp": "2021-10-04T10:01:23.625", "content": "yo", "chat": 47}}, {"model": "chat.message", "pk": 406, "fields": {"author": 5, "timestamp": "2021-10-04T10:02:14.420", "content": "hey", "chat": 46}}, {"model": "chat.message", "pk": 407, "fields": {"author": 5, "timestamp": "2021-10-04T10:51:20.525", "content": "what", "chat": 46}}, {"model": "chat.message", "pk": 408, "fields": {"author": 5, "timestamp": "2021-10-04T10:51:27.310", "content": "yo", "chat": 48}}, {"model": "chat.message", "pk": 409, "fields": {"author": 5, "timestamp": "2021-10-04T11:08:11.248", "content": "wha", "chat": 48}}, {"model": "chat.message", "pk": 410, "fields": {"author": 5, "timestamp": "2021-10-04T11:17:06.128", "content": "yo", "chat": 48}}, {"model": "chat.message", "pk": 411, "fields": {"author": 4, "timestamp": "2021-10-04T11:24:56.724", "content": "hey", "chat": 49}}, {"model": "chat.message", "pk": 412, "fields": {"author": 4, "timestamp": "2021-10-04T11:27:00.319", "content": "hey", "chat": 2}}, {"model": "chat.message", "pk": 413, "fields": {"author": 5, "timestamp": "2021-10-04T11:30:46.740", "content": "yup", "chat": 18}}, {"model": "chat.message", "pk": 414, "fields": {"author": 5, "timestamp": "2021-10-04T11:33:13.437", "content": "hey", "chat": 18}}, {"model": "chat.message", "pk": 415, "fields": {"author": 5, "timestamp": "2021-10-04T11:33:32.903", "content": "sup", "chat": 49}}, {"model": "chat.message", "pk": 416, "fields": {"author": 5, "timestamp": "2021-10-04T11:35:09.028", "content": "hey", "chat": 50}}, {"model": "chat.message", "pk": 417, "fields": {"author": 3, "timestamp": "2021-10-04T11:37:26.235", "content": "wow", "chat": 2}}, {"model": "chat.message", "pk": 418, "fields": {"author": 1, "timestamp": "2021-10-04T13:35:47.927", "content": "yo", "chat": 49}}, {"model": "chat.message", "pk": 419, "fields": {"author": 1, "timestamp": "2021-10-04T13:40:27.980", "content": "what", "chat": 49}}, {"model": "chat.message", "pk": 420, "fields": {"author": 1, "timestamp": "2021-10-04T13:43:35.999", "content": "yo", "chat": 18}}, {"model": "chat.message", "pk": 421, "fields": {"author": 1, "timestamp": "2021-10-04T13:45:01.324", "content": "hey", "chat": 51}}, {"model": "chat.message", "pk": 422, "fields": {"author": 5, "timestamp": "2021-10-04T15:29:18.883", "content": "sup", "chat": 18}}, {"model": "chat.message", "pk": 423, "fields": {"author": 1, "timestamp": "2021-10-04T16:49:44.450", "content": "yo", "chat": 18}}, {"model": "chat.message", "pk": 424, "fields": {"author": 1, "timestamp": "2021-10-04T16:49:54.704", "content": "sup", "chat": 51}}, {"model": "chat.message", "pk": 425, "fields": {"author": 1, "timestamp": "2021-10-04T16:50:09.656", "content": "hey", "chat": 52}}, {"model": "chat.message", "pk": 426, "fields": {"author": 1, "timestamp": "2021-10-04T16:52:46.448", "content": "what", "chat": 52}}, {"model": "chat.message", "pk": 427, "fields": {"author": 3, "timestamp": "2021-10-04T16:53:12.280", "content": "what up", "chat": 30}}, {"model": "chat.message", "pk": 428, "fields": {"author": 3, "timestamp": "2021-10-04T16:59:31.099", "content": "hey", "chat": 53}}, {"model": "chat.message", "pk": 429, "fields": {"author": 3, "timestamp": "2021-10-04T19:18:12.291", "content": "sup", "chat": 53}}, {"model": "chat.message", "pk": 430, "fields": {"author": 3, "timestamp": "2021-10-04T19:18:26.443", "content": "hey", "chat": 53}}, {"model": "chat.message", "pk": 431, "fields": {"author": 3, "timestamp": "2021-10-04T19:19:05.390", "content": "hey", "chat": 54}}, {"model": "chat.message", "pk": 432, "fields": {"author": 5, "timestamp": "2021-10-05T09:47:23.030", "content": "yo", "chat": 53}}, {"model": "chat.message", "pk": 433, "fields": {"author": 5, "timestamp": "2021-10-05T09:47:41.138", "content": "yo", "chat": 54}}, {"model": "chat.message", "pk": 434, "fields": {"author": 1, "timestamp": "2021-10-05T10:00:28.981", "content": "yo", "chat": 52}}, {"model": "chat.message", "pk": 435, "fields": {"author": 3, "timestamp": "2021-10-05T11:36:12.415", "content": "sup", "chat": 54}}, {"model": "chat.message", "pk": 436, "fields": {"author": 1, "timestamp": "2021-10-05T12:56:42.743", "content": "hey", "chat": 30}}, {"model": "chat.message", "pk": 437, "fields": {"author": 1, "timestamp": "2021-10-05T13:04:50.216", "content": "hey", "chat": 18}}, {"model": "chat.message", "pk": 438, "fields": {"author": 3, "timestamp": "2021-10-05T15:41:19.324", "content": "yo", "chat": 18}}, {"model": "chat.message", "pk": 439, "fields": {"author": 1, "timestamp": "2021-10-05T15:45:02.612", "content": "hey", "chat": 52}}, {"model": "chat.message", "pk": 440, "fields": {"author": 1, "timestamp": "2021-10-05T15:50:37.186", "content": "hey", "chat": 52}}, {"model": "chat.message", "pk": 441, "fields": {"author": 1, "timestamp": "2021-10-05T15:50:52.709", "content": "hey", "chat": 55}}, {"model": "chat.message", "pk": 445, "fields": {"author": 3, "timestamp": "2021-10-05T16:22:58.892", "content": "yo", "chat": 55}}, {"model": "chat.message", "pk": 446, "fields": {"author": 3, "timestamp": "2021-10-05T16:46:32.476", "content": "hey", "chat": 58}}, {"model": "chat.message", "pk": 447, "fields": {"author": 1, "timestamp": "2021-10-05T16:48:17.312", "content": "hey", "chat": 57}}, {"model": "chat.message", "pk": 448, "fields": {"author": 1, "timestamp": "2021-10-05T16:54:13.434", "content": "yo", "chat": 57}}, {"model": "chat.message", "pk": 449, "fields": {"author": 1, "timestamp": "2021-10-05T17:09:38.066", "content": "sup", "chat": 57}}, {"model": "chat.message", "pk": 450, "fields": {"author": 3, "timestamp": "2021-10-06T11:00:06.513", "content": "hey", "chat": 57}}, {"model": "chat.message", "pk": 451, "fields": {"author": 3, "timestamp": "2021-10-06T11:10:58.297", "content": "hey", "chat": 61}}, {"model": "chat.message", "pk": 452, "fields": {"author": 3, "timestamp": "2021-10-06T11:13:35.537", "content": "hey", "chat": 66}}, {"model": "chat.message", "pk": 453, "fields": {"author": 3, "timestamp": "2021-10-06T11:25:35.435", "content": "what", "chat": 66}}, {"model": "chat.message", "pk": 454, "fields": {"author": 3, "timestamp": "2021-10-06T11:26:48.965", "content": "yo", "chat": 67}}, {"model": "chat.message", "pk": 455, "fields": {"author": 3, "timestamp": "2021-10-06T11:31:31.636", "content": "what", "chat": 67}}, {"model": "chat.message", "pk": 458, "fields": {"author": 3, "timestamp": "2021-10-06T12:37:44.180", "content": "yo", "chat": 67}}, {"model": "chat.message", "pk": 459, "fields": {"author": 3, "timestamp": "2021-10-06T12:39:08.308", "content": "hey", "chat": 68}}, {"model": "chat.message", "pk": 461, "fields": {"author": 3, "timestamp": "2021-10-06T12:50:50.719", "content": "yo", "chat": 68}}, {"model": "chat.message", "pk": 463, "fields": {"author": 4, "timestamp": "2021-10-06T12:55:40.894", "content": "hey", "chat": 9}}, {"model": "chat.message", "pk": 465, "fields": {"author": 1, "timestamp": "2021-10-06T13:03:36.331", "content": "hey", "chat": 70}}, {"model": "chat.message", "pk": 466, "fields": {"author": 1, "timestamp": "2021-10-06T13:06:58.322", "content": "sup", "chat": 70}}, {"model": "chat.message", "pk": 467, "fields": {"author": 4, "timestamp": "2021-10-06T13:11:28.773", "content": "hey", "chat": 64}}, {"model": "chat.message", "pk": 468, "fields": {"author": 3, "timestamp": "2021-10-06T13:43:42.658", "content": "hey", "chat": 69}}, {"model": "chat.message", "pk": 469, "fields": {"author": 4, "timestamp": "2021-10-06T13:48:56.034", "content": "hey", "chat": 60}}, {"model": "chat.message", "pk": 470, "fields": {"author": 4, "timestamp": "2021-10-06T13:52:50.974", "content": "hey", "chat": 71}}, {"model": "chat.message", "pk": 471, "fields": {"author": 3, "timestamp": "2021-10-06T13:56:26.101", "content": "what", "chat": 71}}, {"model": "chat.message", "pk": 473, "fields": {"author": 4, "timestamp": "2021-10-06T13:58:25.655", "content": "hey", "chat": 65}}, {"model": "chat.message", "pk": 474, "fields": {"author": 4, "timestamp": "2021-10-06T14:05:46.588", "content": "whatup", "chat": 65}}, {"model": "chat.message", "pk": 475, "fields": {"author": 4, "timestamp": "2021-10-06T14:11:04.939", "content": "yo", "chat": 65}}, {"model": "chat.message", "pk": 477, "fields": {"author": 4, "timestamp": "2021-10-06T14:13:42.278", "content": "hey", "chat": 73}}, {"model": "chat.message", "pk": 479, "fields": {"author": 3, "timestamp": "2021-10-06T14:27:53.344", "content": "hey", "chat": 65}}, {"model": "chat.message", "pk": 481, "fields": {"author": 4, "timestamp": "2021-10-06T14:28:58.204", "content": "what", "chat": 65}}, {"model": "chat.message", "pk": 482, "fields": {"author": 4, "timestamp": "2021-10-06T14:29:11.975", "content": "sup", "chat": 73}}, {"model": "chat.message", "pk": 483, "fields": {"author": 3, "timestamp": "2021-10-06T15:05:47.262", "content": "what", "chat": 73}}, {"model": "chat.message", "pk": 486, "fields": {"author": 5, "timestamp": "2021-10-06T15:29:31.828", "content": "hey", "chat": 74}}, {"model": "chat.message", "pk": 489, "fields": {"author": 5, "timestamp": "2021-10-06T16:47:58.785", "content": "hey", "chat": 75}}, {"model": "chat.message", "pk": 490, "fields": {"author": 4, "timestamp": "2021-10-06T16:52:19.076", "content": "what", "chat": 75}}, {"model": "chat.message", "pk": 491, "fields": {"author": 3, "timestamp": "2021-10-06T16:54:09.204", "content": "yo", "chat": 75}}, {"model": "chat.message", "pk": 492, "fields": {"author": 4, "timestamp": "2021-10-07T08:43:43.501", "content": "hey", "chat": 76}}, {"model": "chat.message", "pk": 493, "fields": {"author": 4, "timestamp": "2021-10-07T09:30:24.122", "content": "whatup", "chat": 76}}, {"model": "chat.message", "pk": 494, "fields": {"author": 4, "timestamp": "2021-10-07T09:30:35.749", "content": "yo", "chat": 76}}, {"model": "chat.message", "pk": 495, "fields": {"author": 4, "timestamp": "2021-10-07T09:42:48.708", "content": "what", "chat": 76}}, {"model": "chat.message", "pk": 496, "fields": {"author": 1, "timestamp": "2021-10-07T11:12:17.786", "content": "yo", "chat": 76}}, {"model": "chat.message", "pk": 497, "fields": {"author": 1, "timestamp": "2021-10-07T11:12:27.848", "content": "hey", "chat": 70}}, {"model": "chat.message", "pk": 498, "fields": {"author": 1, "timestamp": "2021-10-07T11:24:53.331", "content": "hey", "chat": 77}}, {"model": "chat.message", "pk": 499, "fields": {"author": 1, "timestamp": "2021-10-07T11:27:23.504", "content": "what", "chat": 77}}, {"model": "chat.message", "pk": 500, "fields": {"author": 3, "timestamp": "2021-10-07T13:01:08.148", "content": "hey", "chat": 77}}, {"model": "chat.message", "pk": 501, "fields": {"author": 4, "timestamp": "2021-10-07T14:43:11.389", "content": "what's up", "chat": 78}}, {"model": "chat.message", "pk": 502, "fields": {"author": 3, "timestamp": "2021-10-07T14:44:32.252", "content": "yo", "chat": 77}}, {"model": "chat.message", "pk": 503, "fields": {"author": 4, "timestamp": "2021-10-07T14:54:25.834", "content": "hey", "chat": 78}}, {"model": "chat.message", "pk": 504, "fields": {"author": 5, "timestamp": "2021-10-07T15:02:19.406", "content": "hey", "chat": 78}}, {"model": "chat.message", "pk": 505, "fields": {"author": 3, "timestamp": "2021-10-07T15:08:35.444", "content": "hey", "chat": 78}}, {"model": "chat.message", "pk": 506, "fields": {"author": 1, "timestamp": "2021-10-07T15:08:51.896", "content": "lol", "chat": 70}}, {"model": "chat.message", "pk": 507, "fields": {"author": 1, "timestamp": "2021-10-07T15:11:34.754", "content": "hey", "chat": 80}}, {"model": "chat.message", "pk": 508, "fields": {"author": 4, "timestamp": "2021-10-07T15:15:18.216", "content": "hello", "chat": 70}}, {"model": "chat.message", "pk": 509, "fields": {"author": 4, "timestamp": "2021-10-07T15:38:06.157", "content": "hey", "chat": 70}}, {"model": "chat.message", "pk": 510, "fields": {"author": 4, "timestamp": "2021-10-07T15:38:26.035", "content": "hey", "chat": 81}}, {"model": "chat.message", "pk": 511, "fields": {"author": 3, "timestamp": "2021-10-07T16:22:55.142", "content": "hey", "chat": 81}}, {"model": "chat.message", "pk": 512, "fields": {"author": 3, "timestamp": "2021-10-07T21:15:24.741", "content": "hey", "chat": 81}}, {"model": "chat.message", "pk": 513, "fields": {"author": 6, "timestamp": "2021-10-07T21:28:00.539", "content": "hey", "chat": 82}}, {"model": "chat.message", "pk": 515, "fields": {"author": 3, "timestamp": "2021-10-08T11:46:46.749", "content": "hey", "chat": 49}}, {"model": "chat.message", "pk": 516, "fields": {"author": 5, "timestamp": "2021-10-08T11:54:02.198", "content": "hey", "chat": 84}}, {"model": "chat.message", "pk": 517, "fields": {"author": 5, "timestamp": "2021-10-08T12:29:11.805", "content": "hey", "chat": 85}}, {"model": "chat.message", "pk": 518, "fields": {"author": 9, "timestamp": "2021-10-08T13:03:52.019", "content": "hey", "chat": 86}}, {"model": "chat.message", "pk": 519, "fields": {"author": 1, "timestamp": "2021-10-08T13:12:37.516", "content": "what's up", "chat": 70}}, {"model": "chat.message", "pk": 520, "fields": {"author": 1, "timestamp": "2021-10-08T13:14:03.634", "content": "hey", "chat": 80}}, {"model": "chat.message", "pk": 521, "fields": {"author": 5, "timestamp": "2021-10-08T13:14:22.772", "content": "what's up", "chat": 85}}, {"model": "chat.message", "pk": 522, "fields": {"author": 5, "timestamp": "2021-10-08T13:15:15.788", "content": "what's up", "chat": 84}}, {"model": "chat.message", "pk": 523, "fields": {"author": 4, "timestamp": "2021-10-08T16:06:59.807", "content": "nothing", "chat": 70}}, {"model": "chat.message", "pk": 524, "fields": {"author": 5, "timestamp": "2021-10-11T09:20:43.089", "content": "hey", "chat": 70}}, {"model": "chat.message", "pk": 525, "fields": {"author": 5, "timestamp": "2021-10-11T09:21:12.826", "content": "hey", "chat": 87}}, {"model": "chat.message", "pk": 526, "fields": {"author": 3, "timestamp": "2021-10-11T10:01:24.689", "content": "hey", "chat": 70}}, {"model": "chat.message", "pk": 527, "fields": {"author": 1, "timestamp": "2021-10-11T10:02:49.101", "content": "what's up", "chat": 88}}]